dataset,depth,split,method,tau_0,key_beta_p,beta_p,objective_value,optimality_gap (Full MIP),time,actual_time (Full MIP),gamma,train_acc,test_acc,train_prec,test_prec
wine,2,1,Full MIP,8,2,0.98,1,0,282.055788,282.055788,0,1,0.956,1,0.947
wine,2,1,F-PIP,8,2,0.98,1,,415.7819176,,0,1,0.956,1,1
wine,2,1,ISA-PIP,8,2,0.98,1,,176.5569701,,0,1,0.978,1,1
wine,2,1,FD4-PIP,8,2,0.98,1,,179.8962545,,0,1,0.933,1,0.895
wine,2,1,FD-PIP,8,2,0.98,1,,176.9070973,,0,1,0.933,1,0.895
wine,2,1,IDSA4-PIP,8,2,0.98,1,,38.71181393,,0,1,0.867,1,0.933
wine,2,1,IDSA-PIP,8,2,0.98,1,,37.59800649,,0,1,0.867,1,0.933
wine,2,2,Full MIP,9,2,0.98,1,0,108.3034241,108.3034241,0,1,0.889,1,0.81
wine,2,2,F-PIP,9,2,0.98,1,,135.0623538,,0,1,0.867,1,0.833
wine,2,2,ISA-PIP,9,2,0.98,1,,148.0855145,,0,1,0.911,1,0.941
wine,2,2,FD4-PIP,9,2,0.98,1,,36.87298894,,0,1,0.867,1,0.929
wine,2,2,FD-PIP,9,2,0.98,1,,36.87075925,,0,1,0.867,1,0.929
wine,2,2,IDSA4-PIP,9,2,0.98,1,,39.15845871,,0,1,0.911,1,0.938
wine,2,2,IDSA-PIP,9,2,0.98,1,,38.48427773,,0,1,0.911,1,0.938
wine,2,3,Full MIP,8,2,0.98,1,0,1200.45585,1200.45585,0,1,0.933,1,0.895
wine,2,3,F-PIP,8,2,0.98,1,,181.8862407,,0,1,0.911,1,0.938
wine,2,3,ISA-PIP,8,2,0.98,1,,813.277235,,0,1,0.978,1,1
wine,2,3,FD4-PIP,8,2,0.98,0.992481203,,206.1193364,,0,0.992,0.911,1,0.941
wine,2,3,FD-PIP,8,2,0.98,0.992481203,,204.8938088,,0,0.992,0.911,1,0.941
wine,2,3,IDSA4-PIP,8,2,0.98,1,,106.0792034,,0,1,0.933,1,1
wine,2,3,IDSA-PIP,8,2,0.98,1,,106.5872104,,0,1,0.933,1,1
wine,2,4,Full MIP,4,2,0.98,1,0,3485.42275,3485.42275,0,1,0.933,1,0.941
wine,2,4,F-PIP,4,2,0.98,0.992481203,,903.8825333,,0,0.992,0.956,1,1
wine,2,4,ISA-PIP,4,2,0.98,0.984962406,,1521.780019,,0,0.985,0.933,1,0.941
wine,2,4,FD4-PIP,4,2,0.98,0.992481203,,200.9312248,,0,0.992,0.978,1,1
wine,2,4,FD-PIP,4,2,0.98,0.992481203,,201.6414371,,0,0.992,0.978,1,1
wine,2,4,IDSA4-PIP,4,2,0.98,0.984962406,,450.7493005,,0,0.985,0.911,1,0.938
wine,2,4,IDSA-PIP,4,2,0.98,0.984962406,,450.4026682,,0,0.985,0.911,1,0.938
nwth,2,1,Full MIP,,1,0.97,1,0,75.53125906,75.53125906,0,1,0.944,1,0.949
nwth,2,1,F-PIP,,1,0.97,1,,325.1105359,,0,1,0.926,1,0.947
nwth,2,1,ISA-PIP,,1,0.97,1,,401.3843493,,0,1,0.963,1,0.95
nwth,2,1,FD4-PIP,,1,0.97,1,,38.8149426,,0,1,0.944,1,0.927
nwth,2,1,FD-PIP,,1,0.97,1,,38.79683089,,0,1,0.944,1,0.927
nwth,2,1,IDSA4-PIP,,1,0.97,1,,412.7739072,,0,1,0.981,1,1
nwth,2,1,IDSA-PIP,,1,0.97,1,,414.6726334,,0,1,0.981,1,1
nwth,2,2,Full MIP,,1,0.97,0.98757764,0.012578616,752.5694649,3600.264879,0,0.988,0.981,0.982,1
nwth,2,2,F-PIP,,1,0.97,1,,2132.667127,,0,1,0.944,1,0.949
nwth,2,2,ISA-PIP,,1,0.97,1,,380.118212,,0,1,0.963,1,1
nwth,2,2,FD4-PIP,,1,0.97,1,,352.4985573,,0,1,0.963,1,0.974
nwth,2,2,FD-PIP,,1,0.97,1,,354.5551329,,0,1,0.963,1,0.974
nwth,2,2,IDSA4-PIP,,1,0.97,1,,625.8537183,,0,1,0.981,1,1
nwth,2,2,IDSA-PIP,,1,0.97,1,,634.33008,,0,1,0.981,1,1
nwth,2,3,Full MIP,,1,0.97,1,0,84.7688458,84.7688458,0,1,0.944,1,0.927
nwth,2,3,F-PIP,,1,0.97,1,,357.8853087,,0,1,0.907,1,0.902
nwth,2,3,ISA-PIP,,1,0.97,1,,1580.476736,,0,1,0.907,1,0.902
nwth,2,3,FD4-PIP,,1,0.97,1,,138.0033011,,0,1,0.889,1,0.9
nwth,2,3,FD-PIP,,1,0.97,1,,136.75015,,0,1,0.889,1,0.9
nwth,2,3,IDSA4-PIP,,1,0.97,1,,124.4540219,,0,1,0.963,1,0.974
nwth,2,3,IDSA-PIP,,1,0.97,1,,121.8121026,,0,1,0.963,1,0.974
nwth,2,4,Full MIP,,1,0.97,1,0,144.393739,144.393739,0,1,0.889,1,0.9
nwth,2,4,F-PIP,,1,0.97,1,,127.5183022,,0,1,0.907,1,0.902
nwth,2,4,ISA-PIP,,1,0.97,1,,122.704289,,0,1,0.926,1,0.925
nwth,2,4,FD4-PIP,,1,0.97,1,,33.16468811,,0,1,0.926,1,0.925
nwth,2,4,FD-PIP,,1,0.97,1,,29.44535422,,0,1,0.926,1,0.925
nwth,2,4,IDSA4-PIP,,1,0.97,1,,40.12062407,,0,1,0.907,1,0.923
nwth,2,4,IDSA-PIP,,1,0.97,1,,37.38502908,,0,1,0.907,1,0.923
htds,2,1,Full MIP,9,1,0.77,0.635555556,0.573426573,3444.503047,3600.17627,0,0.636,0.579,0.825,0.771
htds,2,1,F-PIP,9,1,0.77,0.648888889,,940.5974488,,0,0.649,0.592,0.788,0.714
htds,2,1,ISA-PIP,9,1,0.77,0.653333333,,1799.623918,,0,0.653,0.618,0.779,0.755
htds,2,1,FD4-PIP,9,1,0.77,0.737777778,,157.7037225,,0,0.738,0.553,0.83,0.778
htds,2,1,FD-PIP,9,1,0.77,0.737777778,,165.2876728,,0,0.738,0.553,0.83,0.778
htds,2,1,IDSA4-PIP,9,1,0.77,0.751111111,,618.6226232,,0,0.751,0.539,0.896,0.745
htds,2,1,IDSA-PIP,9,1,0.77,0.76,,502.0074563,,0,0.76,0.605,0.869,0.809
htds,2,2,Full MIP,8,1,0.77,0.608888889,0.642335766,601.3952038,3600.213166,0,0.609,0.487,0.798,0.744
htds,2,2,F-PIP,8,1,0.77,0.6,,838.0449052,,0,0.6,0.434,0.819,0.75
htds,2,2,ISA-PIP,8,1,0.77,0.622222222,,2685.127303,,0,0.622,0.487,0.826,0.757
htds,2,2,FD4-PIP,8,1,0.77,0.737777778,,199.8034227,,0,0.738,0.605,0.833,0.745
htds,2,2,FD-PIP,8,1,0.77,0.737777778,,206.5612261,,0,0.738,0.605,0.833,0.745
htds,2,2,IDSA4-PIP,8,1,0.77,0.742222222,,542.9867229,,0,0.742,0.5,0.92,0.824
htds,2,2,IDSA-PIP,8,1,0.77,0.742222222,,536.1801085,,0,0.742,0.5,0.92,0.824
htds,2,3,Full MIP,10,1,0.77,0.626666667,0.595744681,3136.893815,3600.031479,0,0.627,0.579,0.806,0.709
htds,2,3,F-PIP,10,1,0.77,0.666666667,,1368.608536,,0,0.667,0.566,0.855,0.814
htds,2,3,ISA-PIP,10,1,0.77,0.653333333,,1954.070275,,0,0.653,0.579,0.786,0.672
htds,2,3,FD4-PIP,10,1,0.77,0.733333333,,125.1411188,,0,0.733,0.592,0.832,0.75
htds,2,3,FD-PIP,10,1,0.77,0.733333333,,126.5475616,,0,0.733,0.592,0.832,0.75
htds,2,3,IDSA4-PIP,10,1,0.77,0.751111111,,685.3878577,,0,0.751,0.553,0.874,0.755
htds,2,3,IDSA-PIP,10,1,0.77,0.751111111,,691.5663474,,0,0.751,0.553,0.874,0.755
htds,2,4,Full MIP,12,1,0.77,0.626666667,0.59574468,1781.269698,3600.141989,2.84E-14,0.627,0.5,0.932,0.75
htds,2,4,F-PIP,12,1,0.77,0.657777778,,1174.751613,,0,0.658,0.579,0.833,0.704
htds,2,4,ISA-PIP,12,1,0.77,0.671111111,,2622.005437,,0,0.671,0.605,0.846,0.741
htds,2,4,FD4-PIP,12,1,0.77,0.715555556,,312.8912268,,0,0.716,0.618,0.824,0.731
htds,2,4,FD-PIP,12,1,0.77,0.715555556,,300.2245677,,0,0.716,0.618,0.824,0.731
htds,2,4,IDSA4-PIP,12,1,0.77,0.697777778,,881.1168985,,0,0.698,0.513,0.902,0.744
htds,2,4,IDSA-PIP,12,1,0.77,0.697777778,,866.953064,,0,0.698,0.513,0.902,0.744
dmtl,2,1,Full MIP,19,1,1,0.731343284,0.367346939,1572.996028,3600.078107,0,0.731,0.656,1,1
dmtl,2,1,F-PIP,19,1,1,0.731343284,,346.2062311,,0,0.731,0.667,1,1
dmtl,2,1,ISA-PIP,19,1,1,0.731343284,,1070.277685,,0,0.731,0.611,1,0.875
dmtl,2,1,FD4-PIP,19,1,1,0.731343284,,26.14607096,,0,0.731,0.678,1,0.926
dmtl,2,1,FD-PIP,19,1,1,0.731343284,,26.30524397,,0,0.731,0.678,1,0.926
dmtl,2,1,IDSA4-PIP,19,1,1,0.731343284,,114.9279878,,0,0.731,0.678,1,0.926
dmtl,2,1,IDSA-PIP,19,1,1,0.731343284,,114.3653693,,0,0.731,0.678,1,0.926
dmtl,2,2,Full MIP,15,1,1,0.731343284,0.367346939,2630.87232,3600.095011,0,0.731,0.656,1,0.875
dmtl,2,2,F-PIP,15,1,1,0.72761194,,703.2510991,,0,0.728,0.722,1,1
dmtl,2,2,ISA-PIP,15,1,1,0.72761194,,1744.684022,,0,0.728,0.711,1,1
dmtl,2,2,FD4-PIP,15,1,1,0.72761194,,33.89318085,,0,0.728,0.711,1,0.933
dmtl,2,2,FD-PIP,15,1,1,0.72761194,,33.46941423,,0,0.728,0.711,1,0.933
dmtl,2,2,IDSA4-PIP,15,1,1,0.723880597,,86.84863758,,0,0.724,0.7,1,0.966
dmtl,2,2,IDSA-PIP,15,1,1,0.723880597,,53.1444006,,0,0.724,0.7,1,0.966
dmtl,2,3,Full MIP,19,1,1,0.731343284,0.367346939,3589.571446,3600.08257,0,0.731,0.711,1,0.966
dmtl,2,3,F-PIP,19,1,1,0.731343284,,303.41679,,0,0.731,0.722,1,0.966
dmtl,2,3,ISA-PIP,19,1,1,0.805970149,,1000.871936,,0,0.806,0.811,1,0.966
dmtl,2,3,FD4-PIP,19,1,1,0.705223881,,7.397841215,,0,0.705,0.722,1,1
dmtl,2,3,FD-PIP,19,1,1,0.705223881,,7.13512969,,0,0.705,0.722,1,1
dmtl,2,3,IDSA4-PIP,19,1,1,0.705223881,,14.18377829,,0,0.705,0.722,1,0.933
dmtl,2,3,IDSA-PIP,19,1,1,0.705223881,,13.82001185,,0,0.705,0.722,1,0.933
dmtl,2,4,Full MIP,18,1,1,0.776119403,0.288461538,3600.004865,3600.107288,0,0.78,0.744,1,0.931
dmtl,2,4,F-PIP,18,1,1,0.72761194,,381.540482,,0,0.728,0.7,1,0.966
dmtl,2,4,ISA-PIP,18,1,1,0.809701493,,315.1562104,,0,0.81,0.778,1,0.964
dmtl,2,4,FD4-PIP,18,1,1,0.72761194,,4.6943326,,0,0.728,0.689,1,0.903
dmtl,2,4,FD-PIP,18,1,1,0.72761194,,4.855889797,,0,0.728,0.689,1,0.903
dmtl,2,4,IDSA4-PIP,18,1,1,0.72761194,,26.71153498,,0,0.728,0.711,1,0.933
dmtl,2,4,IDSA-PIP,18,1,1,0.72761194,,23.21495032,,0,0.728,0.711,1,0.933
blsc,2,1,Full MIP,,1,0.75,0.905982906,0.103773585,2815.261078,3600.679088,0,0.906,0.892,0.909,0.908
blsc,2,1,F-PIP,,1,0.75,0.912393162,,1872.044462,,0,0.912,0.873,0.922,0.883
blsc,2,1,ISA-PIP,,1,0.75,0.912393162,,3375.745336,,0,0.912,0.885,0.907,0.885
blsc,2,1,FD4-PIP,,1,0.75,0.91025641,,305.6339395,,0,0.91,0.892,0.91,0.908
blsc,2,1,FD-PIP,,1,0.75,0.91025641,,309.4081426,,0,0.91,0.892,0.91,0.908
blsc,2,1,IDSA4-PIP,,1,0.75,0.914529915,,721.8383384,,0,0.915,0.885,0.922,0.908
blsc,2,1,IDSA-PIP,,1,0.75,0.91025641,,615.6804447,,0,0.91,0.892,0.925,0.92
blsc,2,2,Full MIP,,1,0.75,0.871794872,0.147058824,3417.431014,3600.07856,0,0.872,0.841,0.929,0.926
blsc,2,2,F-PIP,,1,0.75,0.888888889,,2248.088114,,0,0.889,0.892,0.928,0.945
blsc,2,2,ISA-PIP,,1,0.75,0.888888889,,3001.125418,,0,0.889,0.892,0.928,0.945
blsc,2,2,FD4-PIP,,1,0.75,0.886752137,,531.8705192,,0,0.889,0.866,0.922,0.915
blsc,2,2,FD-PIP,,1,0.75,0.886752137,,543.9509261,,0,0.889,0.866,0.922,0.915
blsc,2,2,IDSA4-PIP,,1,0.75,0.908119658,,920.5854938,,0,0.908,0.885,0.883,0.875
blsc,2,2,IDSA-PIP,,1,0.75,0.908119658,,911.9711461,,0,0.908,0.885,0.883,0.875
blsc,2,3,Full MIP,,1,0.75,0.886752137,0.127710843,3219.630764,3600.123802,0,0.887,0.866,0.931,0.928
blsc,2,3,F-PIP,,1,0.75,0.895299145,,1995.264877,,0,0.895,0.86,0.897,0.868
blsc,2,3,ISA-PIP,,1,0.75,0.891025641,,4242.835053,,0,0.893,0.879,0.949,0.957
blsc,2,3,FD4-PIP,,1,0.75,0.891025641,,375.4527719,,0,0.891,0.854,0.957,0.926
blsc,2,3,FD-PIP,,1,0.75,0.888888889,,396.5840285,,0,0.889,0.866,0.927,0.941
blsc,2,3,IDSA4-PIP,,1,0.75,0.946581197,,1020.700637,,0,0.947,0.892,0.976,0.97
blsc,2,3,IDSA-PIP,,1,0.75,0.946581197,,1014.800912,,0,0.947,0.892,0.976,0.97
blsc,2,4,Full MIP,,1,0.75,0.884615385,0.130434783,3241.682408,3600.4465,0,0.889,0.847,0.9,0.821
blsc,2,4,F-PIP,,1,0.75,0.895299145,,1999.819337,,0,0.895,0.847,0.927,0.887
blsc,2,4,ISA-PIP,,1,0.75,0.914529915,,3582.385895,,0,0.915,0.866,0.93,0.857
blsc,2,4,FD4-PIP,,1,0.75,0.927350427,,382.9579551,,0,0.927,0.854,0.938,0.875
blsc,2,4,FD-PIP,,1,0.75,0.927350427,,378.7521288,,0,0.927,0.854,0.938,0.875
blsc,2,4,IDSA4-PIP,,1,0.75,0.925213675,,859.8234165,,0,0.925,0.885,0.918,0.872
blsc,2,4,IDSA-PIP,,1,0.75,0.927350427,,715.500026,,0,0.927,0.873,0.93,0.901
ctmc,2,1,Full MIP,8,1,0.63,0.430253623,1.324210526,3601.918311,3602.07791,0,0.43,0.407,0.949,0.963
ctmc,2,1,F-PIP,8,1,0.63,0.451992754,,1444.830184,,0,0.452,0.431,0.944,0.972
ctmc,2,1,ISA-PIP,8,1,0.63,0.486413043,,5777.597625,,0,0.488,0.458,0.84,0.8
ctmc,2,1,FD4-PIP,8,1,0.63,0.52173913,,689.0949845,,0,0.522,0.482,0.728,0.693
ctmc,2,1,FD-PIP,8,1,0.63,0.519927536,,691.0560474,,0,0.521,0.488,0.731,0.701
ctmc,2,1,IDSA4-PIP,8,1,0.63,0.537137681,,985.3572006,,0,0.537,0.472,0.744,0.667
ctmc,2,1,IDSA-PIP,8,1,0.63,0.537137681,,984.9505219,,0,0.537,0.472,0.744,0.667
ctmc,2,2,Full MIP,7,1,0.63,0.455615942,1.194831014,2791.452735,3600.222134,0,0.456,0.396,0.988,1
ctmc,2,2,F-PIP,7,1,0.63,0.529891304,,1749.899829,,0,0.53,0.472,0.678,0.617
ctmc,2,2,ISA-PIP,7,1,0.63,0.546195652,,5916.486257,,0,0.546,0.474,0.67,0.595
ctmc,2,2,FD4-PIP,7,1,0.63,0.576992754,,700.3642733,,0,0.578,0.48,0.643,0.555
ctmc,2,2,FD-PIP,7,1,0.63,0.576992754,,687.1103456,,0,0.578,0.482,0.643,0.558
ctmc,2,2,IDSA4-PIP,7,1,0.63,0.56884058,,1216.639892,,0,0.569,0.482,0.679,0.59
ctmc,2,2,IDSA-PIP,7,1,0.63,0.56884058,,1247.337259,,0,0.569,0.482,0.679,0.59
ctmc,2,3,Full MIP,8,1,0.63,0.422101449,1.369098712,3605.529348,3605.677079,0,0.422,0.436,0.973,0.971
ctmc,2,3,F-PIP,8,1,0.63,0.430253623,,1712.304543,,0,0.43,0.434,0.985,1
ctmc,2,3,ISA-PIP,8,1,0.63,0.457427536,,5009.437108,,0,0.458,0.472,0.893,0.957
ctmc,2,3,FD4-PIP,8,1,0.63,0.532608696,,829.1874297,,0,0.534,0.501,0.835,0.734
ctmc,2,3,FD-PIP,8,1,0.63,0.532608696,,751.0427058,,0,0.534,0.501,0.835,0.734
ctmc,2,3,IDSA4-PIP,8,1,0.63,0.529891304,,1567.141312,,0,0.53,0.488,0.768,0.68
ctmc,2,3,IDSA-PIP,8,1,0.63,0.531702899,,1576.902256,,0,0.532,0.491,0.789,0.689
ctmc,2,4,Full MIP,4,1,0.63,0.436594203,1.290456432,3533.67744,3611.545084,0,0.438,0.407,0.988,0.96
ctmc,2,4,F-PIP,4,1,0.63,0.455615942,,1715.863089,,0,0.458,0.436,0.964,0.946
ctmc,2,4,ISA-PIP,4,1,0.63,0.449275362,,3430.392466,,0,0.449,0.434,0.988,0.958
ctmc,2,4,FD4-PIP,4,1,0.63,0.526268116,,717.153003,,0,0.526,0.504,0.69,0.642
ctmc,2,4,FD-PIP,4,1,0.63,0.526268116,,693.3014646,,0,0.526,0.504,0.69,0.642
ctmc,2,4,IDSA4-PIP,4,1,0.63,0.528985507,,1060.241211,,0,0.529,0.496,0.701,0.636
ctmc,2,4,IDSA-PIP,4,1,0.63,0.496376812,,808.1442583,,0,0.496,0.496,0.71,0.694
ceva,2,1,Full MIP,9,1,0.82,0.56558642,0.768076398,1.368061066,3600.180442,0,0.566,0.525,1,1
ceva,2,1,F-PIP,9,1,0.82,0.56558642,,658.8378618,,0,0.566,0.525,1,1
ceva,2,1,ISA-PIP,9,1,0.82,0.56558642,,1621.070725,,0,0.566,0.525,1,1
ceva,2,1,FD4-PIP,9,1,0.82,0.896604938,,610.6985054,,0,0.897,0.882,1,0.993
ceva,2,1,FD-PIP,9,1,0.82,0.896604938,,607.5676513,,0,0.897,0.882,1,0.993
ceva,2,1,IDSA4-PIP,9,1,0.82,0.891975309,,1404.6275,,0,0.892,0.875,0.991,0.98
ceva,2,1,IDSA-PIP,9,1,0.82,0.891975309,,1449.305428,,0,0.892,0.875,0.991,0.98
ceva,2,2,Full MIP,9,1,0.82,0.554783951,0.802503477,1.198227882,3600.114539,0,0.555,0.558,1,1
ceva,2,2,F-PIP,9,1,0.82,0.554783951,,573.278343,,0,0.555,0.558,1,1
ceva,2,2,ISA-PIP,9,1,0.82,0.554783951,,1688.295273,,0,0.555,0.558,1,1
ceva,2,2,FD4-PIP,9,1,0.82,0.554783951,,183.5074091,,0,0.555,0.558,1,1
ceva,2,2,FD-PIP,9,1,0.82,0.554783951,,219.8135927,,0,0.555,0.558,1,1
ceva,2,2,IDSA4-PIP,9,1,0.82,0.874228395,,1058.830072,,0,0.874,0.877,1,0.996
ceva,2,2,IDSA-PIP,9,1,0.82,0.878858025,,952.2260072,,0,0.879,0.868,0.985,0.967
ceva,2,3,Full MIP,5,1,0.82,0.548611111,0.82278481,0.982342005,3600.282977,0,0.549,0.576,1,1
ceva,2,3,F-PIP,5,1,0.82,0.548611111,,610.3578343,,0,0.549,0.576,1,1
ceva,2,3,ISA-PIP,5,1,0.82,0.548611111,,1815.344476,,0,0.549,0.576,1,1
ceva,2,3,FD4-PIP,5,1,0.82,0.667438272,,316.554477,,0,0.667,0.676,0.928,0.921
ceva,2,3,FD-PIP,5,1,0.82,0.667438272,,341.9790802,,0,0.667,0.676,0.928,0.921
ceva,2,3,IDSA4-PIP,5,1,0.82,0.548611111,,565.0767369,,0,0.549,0.576,1,1
ceva,2,3,IDSA-PIP,5,1,0.82,0.548611111,,615.1227431,,0,0.549,0.576,1,1
ceva,2,4,Full MIP,5,1,0.82,0.554783951,0.802503477,2.114856958,3601.111071,0,0.555,0.558,1,1
ceva,2,4,F-PIP,5,1,0.82,0.554783951,,592.2651041,,0,0.555,0.558,1,1
ceva,2,4,ISA-PIP,5,1,0.82,0.554783951,,1851.849021,,0,0.555,0.558,1,1
ceva,2,4,FD4-PIP,5,1,0.82,0.554783951,,164.7956331,,0,0.555,0.558,1,1
ceva,2,4,FD-PIP,5,1,0.82,0.554783951,,152.6367238,,0,0.555,0.558,1,1
ceva,2,4,IDSA4-PIP,5,1,0.82,0.554783951,,489.607712,,0,0.555,0.558,1,1
ceva,2,4,IDSA-PIP,5,1,0.82,0.554783951,,496.5435207,,0,0.555,0.558,1,1
fish,2,1,Full MIP,,8,0.22,-47599.53791,1.000017244,3603.042445,3603.042445,4.76,0.462,0.463,0.217,0.216
fish,2,1,F-PIP,,8,0.22,-47599.53791,,480.2966833,,4.76,0.462,0.463,0.217,0.216
fish,2,1,ISA-PIP,,8,0.22,-47599.53791,,1700.635986,,4.76,0.462,0.463,0.217,0.216
fish,2,1,FD4-PIP,,8,0.22,0.462091503,,132.8191409,,0,0.462,0.463,0.234,0.234
fish,2,1,FD-PIP,,8,0.22,0.462091503,,130.284349,,0,0.462,0.463,0.234,0.234
fish,2,1,IDSA4-PIP,,8,0.22,0.462091503,,405.5454159,,0,0.462,0.463,0.235,0.234
fish,2,1,IDSA-PIP,,8,0.22,0.462091503,,428.6682703,,0,0.462,0.463,0.235,0.234
fish,2,2,Full MIP,,8,0.22,-49799.53791,1.000016482,3600.955456,3600.955456,4.98,0.462,0.463,0.217,0.216
fish,2,2,F-PIP,,8,0.22,0.462091503,,465.1369209,,0,0.462,0.463,0.224,0.226
fish,2,2,ISA-PIP,,8,0.22,0.462091503,,1644.023357,,0,0.462,0.463,0.221,0.221
fish,2,2,FD4-PIP,,8,0.22,0.462091503,,107.8755457,,0,0.462,0.463,0.234,0.234
fish,2,2,FD-PIP,,8,0.22,0.462091503,,110.085346,,0,0.462,0.463,0.234,0.234
fish,2,2,IDSA4-PIP,,8,0.22,0.462091503,,421.049721,,0,0.462,0.463,0.234,0.234
fish,2,2,IDSA-PIP,,8,0.22,0.462091503,,416.4586692,,0,0.462,0.463,0.234,0.234
fish,2,3,Full MIP,,8,0.22,-47599.53791,1.000017235,3602.320001,3602.320001,4.76,0.462,0.463,0.217,0.216
fish,2,3,F-PIP,,8,0.22,-47599.5379,,537.810606,,4.759999999,0.462,0.463,0.217,0.216
fish,2,3,ISA-PIP,,8,0.22,0.462091503,,1989.110596,,0,0.462,0.463,0.23,0.229
fish,2,3,FD4-PIP,,8,0.22,0.462091503,,103.0041482,,0,0.462,0.463,0.234,0.234
fish,2,3,FD-PIP,,8,0.22,0.462091503,,100.399143,,0,0.462,0.463,0.234,0.234
fish,2,3,IDSA4-PIP,,8,0.22,0.462091503,,410.2957423,,0,0.462,0.463,0.235,0.235
fish,2,3,IDSA-PIP,,8,0.22,0.462091503,,408.7898512,,0,0.462,0.463,0.235,0.235
fish,2,4,Full MIP,,8,0.22,-122399.5422,1.000006768,3603.225294,3603.225294,12.24,0.458,0.458,0.213,0.213
fish,2,4,F-PIP,,8,0.22,-58599.54216,,1083.250114,,5.86,0.458,0.458,0.216,0.217
fish,2,4,ISA-PIP,,8,0.22,0.457843137,,1919.280597,,0,0.458,0.458,0.229,0.227
fish,2,4,FD4-PIP,,8,0.22,0.457843137,,135.7510359,,0,0.458,0.456,0.231,0.228
fish,2,4,FD-PIP,,8,0.22,0.457843137,,136.1825831,,0,0.458,0.456,0.231,0.228
fish,2,4,IDSA4-PIP,,8,0.22,0.462091503,,545.651361,,0,0.462,0.461,0.268,0.268
fish,2,4,IDSA-PIP,,8,0.22,0.462091503,,552.667294,,0,0.462,0.461,0.268,0.268
wine,3,1,Full MIP,7,2,0.99,0.984962469,0.015267111,0.21038413,3600.106631,-6.27E-12,0.985,0.822,1,0.789
wine,3,1,F-PIP,7,2,0.99,0.984962406,,556.211782,,0,0.985,0.844,1,0.875
wine,3,1,ISA-PIP,7,2,0.99,0.984962406,,1969.255942,,0,0.985,0.844,1,0.875
wine,3,1,FD4-PIP,7,2,0.99,0.992481203,,167.2693732,,0,0.992,0.844,1,0.923
wine,3,1,FD-PIP,7,2,0.99,0.992481203,,162.6466029,,0,0.992,0.844,1,0.923
wine,3,1,IDSA4-PIP,7,2,0.99,1,,132.2846625,,0,1,0.822,1,0.778
wine,3,1,IDSA-PIP,7,2,0.99,1,,133.9666572,,0,1,0.822,1,0.778
wine,3,2,Full MIP,10,2,0.99,1,0,54.80741286,54.80741286,0,1,0.889,1,0.818
wine,3,2,F-PIP,10,2,0.99,0.992481203,,680.8549712,,0,0.992,0.978,1,0.947
wine,3,2,ISA-PIP,10,2,0.99,1,,41.14698386,,0,1,0.889,1,0.818
wine,3,2,FD4-PIP,10,2,0.99,1,,1.350887775,,0,1,0.889,1,0.889
wine,3,2,FD-PIP,10,2,0.99,1,,1.189002991,,0,1,0.889,1,0.889
wine,3,2,IDSA4-PIP,10,2,0.99,1,,2.605792046,,0,1,0.911,1,0.818
wine,3,2,IDSA-PIP,10,2,0.99,1,,2.588042974,,0,1,0.911,1,0.818
wine,3,3,Full MIP,7,2,0.99,0.909774436,0.099173554,3086.501182,3600.090404,0,0.91,0.911,1,0.938
wine,3,3,F-PIP,7,2,0.99,0.669172932,,521.8699291,,0,0.669,0.578,1,0.333
wine,3,3,ISA-PIP,7,2,0.99,0.676691729,,2433.858728,,0,0.677,0.644,1,1
wine,3,3,FD4-PIP,7,2,0.99,0.947368421,,353.5411558,,0,0.947,0.867,1,0.929
wine,3,3,FD-PIP,7,2,0.99,1,,153.1318367,,0,1,0.933,1,0.895
wine,3,3,IDSA4-PIP,7,2,0.99,1,,417.718889,,0,1,0.911,1,0.889
wine,3,3,IDSA-PIP,7,2,0.99,1,,426.4214504,,0,1,0.911,1,0.889
wine,3,4,Full MIP,7,2,0.99,1,0,756.5597532,756.5597532,0,1,0.956,1,0.944
wine,3,4,F-PIP,7,2,0.99,1,,46.57372522,,0,1,0.933,1,0.941
wine,3,4,ISA-PIP,7,2,0.99,1,,31.37948203,,0,1,0.956,1,0.944
wine,3,4,FD4-PIP,7,2,0.99,1,,1.313842773,,0,1,0.933,1,0.941
wine,3,4,FD-PIP,7,2,0.99,1,,1.295027733,,0,1,0.933,1,0.941
wine,3,4,IDSA4-PIP,7,2,0.99,1,,2.685665131,,0,1,0.933,1,1
wine,3,4,IDSA-PIP,7,2,0.99,1,,2.809827089,,0,1,0.933,1,1
nwth,3,1,Full MIP,,1,0.99,0.304347894,2.285713555,0.511618137,3600.234869,-6.77E-12,0.304,0.278,1,1
nwth,3,1,F-PIP,,1,0.99,0.304347826,,437.480607,,0,0.304,0.278,1,1
nwth,3,1,ISA-PIP,,1,0.99,0.304347826,,1495.155124,,0,0.304,0.278,1,1
nwth,3,1,FD4-PIP,,1,0.99,0.677018634,,374.3735228,,0,0.683,0.593,1,0.833
nwth,3,1,FD-PIP,,1,0.99,0.677018634,,376.1949613,,0,0.683,0.593,1,0.833
nwth,3,1,IDSA4-PIP,,1,0.99,0.962732919,,1203.70857,,0,0.963,0.889,0.991,0.9
nwth,3,1,IDSA-PIP,,1,0.99,0.962732919,,1191.416381,,0,0.963,0.889,0.991,0.9
nwth,3,2,Full MIP,,1,0.99,0.354037267,1.824561404,3017.733719,3600.231762,0,0.354,0.333,1,1
nwth,3,2,F-PIP,,1,0.99,0.372670807,,1567.852026,,0,0.373,0.315,1,1
nwth,3,2,ISA-PIP,,1,0.99,0.322981366,,1752.17187,,0,0.323,0.296,1,1
nwth,3,2,FD4-PIP,,1,0.99,0.50931677,,416.6456673,,0,0.547,0.481,1,0.917
nwth,3,2,FD-PIP,,1,0.99,0.50931677,,417.5462878,,0,0.547,0.481,1,0.917
nwth,3,2,IDSA4-PIP,,1,0.99,0.99378882,,1039.473266,,0,0.994,0.963,1,1
nwth,3,2,IDSA-PIP,,1,0.99,0.99378882,,1039.021117,,0,0.994,0.963,1,1
nwth,3,3,Full MIP,,1,0.99,0.310559119,2.219998827,358.883178,3600.094838,-1.13E-11,0.311,0.296,1,-
nwth,3,3,F-PIP,,1,0.99,0.347826087,,1315.566936,,0,0.348,0.296,1,0.5
nwth,3,3,ISA-PIP,,1,0.99,0.310559006,,1493.010919,,0,0.311,0.315,1,1
nwth,3,3,FD4-PIP,,1,0.99,1,,311.0996532,,0,1,0.833,1,0.872
nwth,3,3,FD-PIP,,1,0.99,1,,321.4580133,,0,1,0.833,1,0.872
nwth,3,3,IDSA4-PIP,,1,0.99,1,,1285.134025,,0,1,0.907,1,0.923
nwth,3,3,IDSA-PIP,,1,0.99,1,,1300.829581,,0,1,0.907,1,0.923
nwth,3,4,Full MIP,,1,0.99,0.987577752,0.012578501,1449.105029,3600.119613,-1.12E-11,0.988,0.944,1,0.949
nwth,3,4,F-PIP,,1,0.99,1,,526.6057394,,0,1,0.926,1,0.905
nwth,3,4,ISA-PIP,,1,0.99,1,,366.1406391,,0,1,0.907,1,0.902
nwth,3,4,FD4-PIP,,1,0.99,1,,222.7140961,,0,1,0.907,1,0.884
nwth,3,4,FD-PIP,,1,0.99,1,,220.7723458,,0,1,0.907,1,0.884
nwth,3,4,IDSA4-PIP,,1,0.99,1,,297.2860882,,0,1,0.907,1,0.923
nwth,3,4,IDSA-PIP,,1,0.99,1,,291.8935781,,0,1,0.907,1,0.923
htds,3,1,Full MIP,10,1,0.83,0.568888889,0.7578125,1669.362857,3600.245026,0,0.569,0.461,0.871,0.744
htds,3,1,F-PIP,10,1,0.83,0.604444444,,2025.799796,,0,0.604,0.5,0.882,0.756
htds,3,1,ISA-PIP,10,1,0.83,0.591111111,,3130.347291,,0,0.591,0.5,0.87,0.725
htds,3,1,FD4-PIP,10,1,0.83,0.737777778,,346.9332306,,0,0.738,0.526,0.899,0.789
htds,3,1,FD-PIP,10,1,0.83,0.737777778,,349.6830113,,0,0.738,0.526,0.899,0.789
htds,3,1,IDSA4-PIP,10,1,0.83,0.826666667,,1124.435122,,0,0.827,0.579,0.891,0.771
htds,3,1,IDSA-PIP,10,1,0.83,0.826666667,,1133.067097,,0,0.827,0.579,0.891,0.771
htds,3,2,Full MIP,12,1,0.83,0.608888889,0.642335766,3548.054961,3600.330974,0,0.609,0.474,0.913,0.812
htds,3,2,F-PIP,12,1,0.83,0.684444444,,2147.591861,,0,0.684,0.513,0.845,0.75
htds,3,2,ISA-PIP,12,1,0.83,0.72,,4805.931617,,0,0.72,0.461,0.843,0.727
htds,3,2,FD4-PIP,12,1,0.83,0.76,,327.6632922,,0,0.76,0.513,0.891,0.756
htds,3,2,FD-PIP,12,1,0.83,0.795555556,,352.5888553,,0,0.796,0.513,0.926,0.8
htds,3,2,IDSA4-PIP,12,1,0.83,0.8,,807.4819956,,0,0.8,0.566,0.882,0.791
htds,3,2,IDSA-PIP,12,1,0.83,0.8,,791.7949708,,0,0.8,0.566,0.882,0.791
htds,3,3,Full MIP,7,1,0.83,0.582222222,0.717557252,3455.700972,3600.120207,0,0.582,0.513,0.869,0.789
htds,3,3,F-PIP,7,1,0.83,0.608888889,,2418.005945,,0,0.609,0.526,0.867,0.784
htds,3,3,ISA-PIP,7,1,0.83,0.586666667,,2636.509399,,0,0.587,0.513,0.856,0.795
htds,3,3,FD4-PIP,7,1,0.83,0.755555556,,285.0305519,,0,0.756,0.579,0.894,0.809
htds,3,3,FD-PIP,7,1,0.83,0.755555556,,287.1063497,,0,0.756,0.579,0.894,0.809
htds,3,3,IDSA4-PIP,7,1,0.83,0.773333333,,1187.585115,,0,0.773,0.553,0.924,0.704
htds,3,3,IDSA-PIP,7,1,0.83,0.773333333,,1196.720955,,0,0.773,0.553,0.924,0.704
htds,3,4,Full MIP,11,1,0.83,0.64,0.5625,3600.063967,3600.166899,0,0.64,0.592,0.864,0.787
htds,3,4,F-PIP,11,1,0.83,0.662222222,,752.2444508,,0,0.662,0.566,0.836,0.75
htds,3,4,ISA-PIP,11,1,0.83,0.666666667,,2769.740776,,0,0.667,0.553,0.836,0.729
htds,3,4,FD4-PIP,11,1,0.83,0.813333333,,364.7599831,,0,0.813,0.474,0.944,0.64
htds,3,4,FD-PIP,11,1,0.83,0.8,,368.0914583,,0,0.8,0.526,0.929,0.674
htds,3,4,IDSA4-PIP,11,1,0.83,0.835555556,,1846.850888,,0,0.836,0.566,0.945,0.787
htds,3,4,IDSA-PIP,11,1,0.83,0.835555556,,1163.625472,,0,0.836,0.5,0.931,0.762
dmtl,3,1,Full MIP,16,1,1,0.813432836,0.229357798,1.055916071,3600.207768,0,0.813,0.767,1,0.962
dmtl,3,1,F-PIP,16,1,1,0.813432836,,549.6449013,,0,0.813,0.767,1,0.962
dmtl,3,1,ISA-PIP,16,1,1,0.813432836,,1599.875325,,0,0.813,0.767,1,0.962
dmtl,3,1,FD4-PIP,16,1,1,0.813432836,,172.1143968,,0,0.813,0.767,1,0.962
dmtl,3,1,FD-PIP,16,1,1,0.813432836,,174.0003481,,0,0.813,0.767,1,0.962
dmtl,3,1,IDSA4-PIP,16,1,1,0.813432836,,516.9290147,,0,0.813,0.767,1,0.962
dmtl,3,1,IDSA-PIP,16,1,1,0.813432836,,521.8435426,,0,0.813,0.767,1,0.962
dmtl,3,2,Full MIP,20,1,1,0.802238806,0.246511628,1.400132895,3600.227267,0,0.802,0.811,1,1
dmtl,3,2,F-PIP,20,1,1,0.802238806,,680.1385453,,0,0.802,0.811,1,1
dmtl,3,2,ISA-PIP,20,1,1,0.802238806,,1760.521108,,0,0.802,0.811,1,1
dmtl,3,2,FD4-PIP,20,1,1,0.802238806,,156.3057439,,0,0.802,0.811,1,1
dmtl,3,2,FD-PIP,20,1,1,0.802238806,,153.156538,,0,0.802,0.811,1,1
dmtl,3,2,IDSA4-PIP,20,1,1,0.802238806,,455.4803684,,0,0.802,0.811,1,1
dmtl,3,2,IDSA-PIP,20,1,1,0.802238806,,479.2415464,,0,0.802,0.811,1,1
dmtl,3,3,Full MIP,20,1,1,0.802238806,0.246511628,534.2177389,3600.24686,0,0.802,0.833,1,1
dmtl,3,3,F-PIP,20,1,1,0.798507463,,519.8360677,,0,0.799,0.822,1,1
dmtl,3,3,ISA-PIP,20,1,1,0.798507463,,1572.549013,,0,0.799,0.822,1,1
dmtl,3,3,FD4-PIP,20,1,1,0.798507463,,125.1059482,,0,0.799,0.822,1,1
dmtl,3,3,FD-PIP,20,1,1,0.798507463,,132.1796792,,0,0.799,0.822,1,1
dmtl,3,3,IDSA4-PIP,20,1,1,0.798507463,,452.2095253,,0,0.799,0.822,1,1
dmtl,3,3,IDSA-PIP,20,1,1,0.798507463,,440.0277901,,0,0.799,0.822,1,1
dmtl,3,4,Full MIP,18,1,1,0.798507463,0.252336449,0.842117071,3600.243848,0,0.799,0.778,1,0.964
dmtl,3,4,F-PIP,18,1,1,0.798507463,,517.8695102,,0,0.799,0.778,1,0.964
dmtl,3,4,ISA-PIP,18,1,1,0.798507463,,1580.21469,,0,0.799,0.778,1,0.964
dmtl,3,4,FD4-PIP,18,1,1,0.951492537,,346.831723,,0,0.951,0.889,1,0.933
dmtl,3,4,FD-PIP,18,1,1,0.951492537,,347.3728728,,0,0.951,0.889,1,0.933
dmtl,3,4,IDSA4-PIP,18,1,1,0.835820896,,612.0168865,,0,0.836,0.733,1,0.875
dmtl,3,4,IDSA-PIP,18,1,1,0.843283582,,584.6047058,,0,0.843,0.756,1,0.897
blsc,3,1,Full MIP,,1,0.82,0.745726496,0.340974212,3606.0164,3606.093491,0,0.748,0.688,0.838,0.763
blsc,3,1,F-PIP,,1,0.82,0.764957265,,1158.811523,,0,0.765,0.701,0.822,0.763
blsc,3,1,ISA-PIP,,1,0.82,0.908119658,,4775.517961,,0,0.908,0.898,0.906,0.908
blsc,3,1,FD4-PIP,,1,0.82,0.891025641,,535.2815709,,0,0.891,0.841,0.89,0.877
blsc,3,1,FD-PIP,,1,0.82,0.882478632,,533.4975398,,0,0.882,0.847,0.865,0.844
blsc,3,1,IDSA4-PIP,,1,0.82,0.942307692,,1263.962262,,0,0.942,0.879,0.968,0.945
blsc,3,1,IDSA-PIP,,1,0.82,0.942307692,,1252.878247,,0,0.942,0.879,0.968,0.945
blsc,3,2,Full MIP,,1,0.82,0.745726496,0.340974212,1931.286185,3607.946892,0,0.746,0.72,0.829,0.778
blsc,3,2,F-PIP,,1,0.82,0.677350427,,803.3455858,,0,0.677,0.643,0.836,0.732
blsc,3,2,ISA-PIP,,1,0.82,0.677350427,,2919.125109,,0,0.677,0.643,0.836,0.732
blsc,3,2,FD4-PIP,,1,0.82,0.801282051,,482.4887428,,0,0.801,0.758,0.911,0.831
blsc,3,2,FD-PIP,,1,0.82,0.88034188,,526.0440929,,0,0.88,0.822,0.858,0.817
blsc,3,2,IDSA4-PIP,,1,0.82,0.920940171,,1437.845592,,0,0.921,0.847,0.942,0.919
blsc,3,2,IDSA-PIP,,1,0.82,0.920940171,,1413.775866,,0,0.921,0.847,0.942,0.919
blsc,3,3,Full MIP,,1,0.82,0.77991453,0.282191781,0.540014982,3608.790885,0,0.78,0.745,0.844,0.823
blsc,3,3,F-PIP,,1,0.82,0.758547009,,1116.487995,,0,0.759,0.732,0.834,0.842
blsc,3,3,ISA-PIP,,1,0.82,0.758547009,,2854.963848,,0,0.759,0.732,0.834,0.842
blsc,3,3,FD4-PIP,,1,0.82,0.873931624,,450.161603,,0,0.874,0.866,0.886,0.892
blsc,3,3,FD-PIP,,1,0.82,0.86965812,,414.4169359,,0,0.87,0.866,0.879,0.868
blsc,3,3,IDSA4-PIP,,1,0.82,0.929487179,,1116.750156,,0,0.929,0.885,0.947,0.899
blsc,3,3,IDSA-PIP,,1,0.82,0.929487179,,1120.319322,,0,0.929,0.885,0.947,0.899
blsc,3,4,Full MIP,,1,0.82,0.822649573,0.215584416,3605.023891,3605.170289,0,0.827,0.764,0.828,0.729
blsc,3,4,F-PIP,,1,0.82,0.728632479,,758.4766352,,0,0.729,0.694,0.839,0.789
blsc,3,4,ISA-PIP,,1,0.82,0.728632479,,2546.234153,,0,0.729,0.694,0.839,0.789
blsc,3,4,FD4-PIP,,1,0.82,0.903846154,,495.155575,,0,0.904,0.873,0.91,0.868
blsc,3,4,FD-PIP,,1,0.82,0.901709402,,499.3993795,,0,0.902,0.879,0.907,0.907
blsc,3,4,IDSA4-PIP,,1,0.82,0.891025641,,1293.82069,,0,0.891,0.879,0.87,0.885
blsc,3,4,IDSA-PIP,,1,0.82,0.891025641,,1081.701218,,0,0.891,0.879,0.87,0.885
ctmc,3,1,Full MIP,7,1,0.81,0.453804348,1.203592814,2180.572234,3600.26698,0,0.455,0.442,0.914,0.861
ctmc,3,1,F-PIP,7,1,0.81,0.447463768,,602.5500293,,0,0.447,0.425,0.986,1
ctmc,3,1,ISA-PIP,7,1,0.81,0.447463768,,1702.957102,,0,0.447,0.425,0.986,1
ctmc,3,1,FD4-PIP,7,1,0.81,0.585144928,,761.7012618,,0,0.585,0.515,0.842,0.753
ctmc,3,1,FD-PIP,7,1,0.81,0.582427536,,891.3037694,,0,0.582,0.515,0.835,0.747
ctmc,3,1,IDSA4-PIP,7,1,0.81,0.59057971,,1766.708428,,0,0.591,0.507,0.849,0.75
ctmc,3,1,IDSA-PIP,7,1,0.81,0.580615942,,1219.703696,,0,0.581,0.499,0.837,0.741
ctmc,3,2,Full MIP,8,1,0.81,0.453804348,1.203592814,2084.48365,3619.326314,0,0.454,0.396,0.988,1
ctmc,3,2,F-PIP,8,1,0.81,0.452898551,,651.0767102,,0,0.453,0.396,0.988,1
ctmc,3,2,ISA-PIP,8,1,0.81,0.452898551,,1705.164115,,0,0.453,0.396,0.988,1
ctmc,3,2,FD4-PIP,8,1,0.81,0.569746377,,580.672204,,0,0.57,0.466,0.854,0.739
ctmc,3,2,FD-PIP,8,1,0.81,0.581521739,,885.6326702,,0,0.582,0.472,0.843,0.692
ctmc,3,2,IDSA4-PIP,8,1,0.81,0.558876812,,1229.194087,,0,0.559,0.463,0.845,0.739
ctmc,3,2,IDSA-PIP,8,1,0.81,0.549818841,,808.7088506,,0,0.55,0.463,0.842,0.769
ctmc,3,3,Full MIP,4,1,0.81,0.432971014,1.309623431,2.734548807,3600.317321,0,0.433,0.463,1,1
ctmc,3,3,F-PIP,4,1,0.81,0.432065217,,585.4853508,,0,0.432,0.466,0.985,1
ctmc,3,3,ISA-PIP,4,1,0.81,0.432065217,,2080.776961,,0,0.432,0.466,0.985,1
ctmc,3,3,FD4-PIP,4,1,0.81,0.49365942,,847.649349,,0,0.494,0.466,0.904,0.792
ctmc,3,3,FD-PIP,4,1,0.81,0.49365942,,875.4961648,,0,0.494,0.466,0.904,0.792
ctmc,3,3,IDSA4-PIP,4,1,0.81,0.586050725,,1357.33313,,0,0.588,0.558,0.812,0.723
ctmc,3,3,IDSA-PIP,4,1,0.81,0.586050725,,1376.024509,,0,0.588,0.558,0.812,0.723
ctmc,3,4,Full MIP,4,1,0.81,0.444746377,1.248472505,3.195996046,3600.334745,0,0.445,0.431,0.987,1
ctmc,3,4,F-PIP,4,1,0.81,0.44384058,,1016.825384,,0,0.444,0.431,0.987,1
ctmc,3,4,ISA-PIP,4,1,0.81,0.44384058,,2184.035247,,0,0.444,0.431,0.987,1
ctmc,3,4,FD4-PIP,4,1,0.81,0.487318841,,746.2173953,,0,0.488,0.469,0.893,0.844
ctmc,3,4,FD-PIP,4,1,0.81,0.471014493,,623.4033868,,0,0.471,0.458,1,1
ctmc,3,4,IDSA4-PIP,4,1,0.81,0.563405797,,1412.729998,,0,0.563,0.537,0.818,0.793
ctmc,3,4,IDSA-PIP,4,1,0.81,0.561594203,,1195.272943,,0,0.562,0.537,0.814,0.761
ceva,3,1,Full MIP,9,1,0.97,0.800154321,0.24975892,3600.037191,3600.206243,0,0.8,0.778,1,1
ceva,3,1,F-PIP,9,1,0.97,-213099.2091,,586.2257421,,21.31,0.791,0.806,0.944,0.97
ceva,3,1,ISA-PIP,9,1,0.97,-213099.2091,,1943.291918,,21.31,0.791,0.806,0.944,0.97
ceva,3,1,FD4-PIP,9,1,0.97,0.87808642,,1138.921622,,0,0.878,0.852,1,0.979
ceva,3,1,FD-PIP,9,1,0.97,0.87962963,,1011.729256,,0,0.88,0.866,0.999,0.993
ceva,3,1,IDSA4-PIP,9,1,0.97,0.896604938,,2217.030968,,0,0.897,0.863,0.994,0.969
ceva,3,1,IDSA-PIP,9,1,0.97,0.888117284,,1632.719392,,0,0.888,0.894,1,1
ceva,3,2,Full MIP,6,1,0.97,0.774691358,0.290836653,3.383430004,3600.27989,0,0.775,0.787,1,1
ceva,3,2,F-PIP,6,1,0.97,-32699.2091,,636.2557311,,3.27,0.791,0.794,0.966,0.966
ceva,3,2,ISA-PIP,6,1,0.97,-32699.2091,,1758.748907,,3.27,0.791,0.794,0.966,0.966
ceva,3,2,FD4-PIP,6,1,0.97,0.782407407,,257.8988328,,0,0.782,0.782,1,0.992
ceva,3,2,FD-PIP,6,1,0.97,0.782407407,,272.6407292,,0,0.782,0.782,1,0.992
ceva,3,2,IDSA4-PIP,6,1,0.97,0.864197531,,2238.102212,,0,0.864,0.854,0.991,0.982
ceva,3,2,IDSA-PIP,6,1,0.97,0.852623457,,1782.682265,,0,0.853,0.838,0.98,0.962
ceva,3,3,Full MIP,8,1,0.97,0.770833333,0.297297297,3.13616991,3601.15482,0,0.771,0.799,1,1
ceva,3,3,F-PIP,8,1,0.97,-16299.21528,,477.2698107,,1.63,0.785,0.812,0.968,0.96
ceva,3,3,ISA-PIP,8,1,0.97,0.770833333,,1788.473817,,0,0.771,0.799,1,1
ceva,3,3,FD4-PIP,8,1,0.97,0.831790123,,958.6068764,,0,0.832,0.847,0.997,0.986
ceva,3,3,FD-PIP,8,1,0.97,0.81712963,,509.8515115,,0,0.824,0.845,0.999,0.996
ceva,3,3,IDSA4-PIP,8,1,0.97,0.87037037,,3129.180995,,0,0.87,0.87,0.979,0.97
ceva,3,3,IDSA-PIP,8,1,0.97,0.868055556,,1994.23308,,0,0.868,0.868,0.979,0.973
ceva,3,4,Full MIP,9,1,0.97,0.775462963,0.289552239,3.463947058,3600.224235,0,0.775,0.785,1,1
ceva,3,4,F-PIP,9,1,0.97,0.775462963,,571.5751579,,0,0.775,0.785,1,1
ceva,3,4,ISA-PIP,9,1,0.97,0.775462963,,2144.647709,,0,0.775,0.785,1,1
ceva,3,4,FD4-PIP,9,1,0.97,0.87345679,,779.4796801,,0,0.873,0.873,0.983,0.973
ceva,3,4,FD-PIP,9,1,0.97,0.894290123,,1164.998916,,0,0.894,0.891,1,1
ceva,3,4,IDSA4-PIP,9,1,0.97,0.891203704,,4750.068004,,0,0.891,0.896,1,1
ceva,3,4,IDSA-PIP,9,1,0.97,0.861111111,,2561.138029,,0,0.861,0.847,0.999,0.993
fish,3,1,Full MIP,,8,0.28,-109999.3206,1.000009091,3637.711683,3637.711683,11,0.679,0.675,0.272,0.271
fish,3,1,F-PIP,,8,0.28,-109999.3206,,781.1340616,,11,0.679,0.675,0.272,0.271
fish,3,1,ISA-PIP,,8,0.28,-109999.3206,,4162.46687,,11,0.679,0.675,0.272,0.271
fish,3,1,FD4-PIP,,8,0.28,0.681045752,,225.7374742,,0,0.681,0.68,0.28,0.279
fish,3,1,FD-PIP,,8,0.28,0.681045752,,241.4130676,,0,0.681,0.681,0.28,0.281
fish,3,1,IDSA4-PIP,,8,0.28,0.681045752,,631.4186389,,0,0.681,0.681,0.28,0.28
fish,3,1,IDSA-PIP,,8,0.28,0.681045752,,571.2521498,,0,0.681,0.681,0.28,0.28
fish,3,2,Full MIP,,8,0.28,-104399.3216,1.000009579,3600.361131,3600.361131,10.44,0.678,0.678,0.272,0.271
fish,3,2,F-PIP,,8,0.28,-104399.3216,,525.0511911,,10.44,0.678,0.678,0.272,0.271
fish,3,2,ISA-PIP,,8,0.28,-104399.3216,,1834.357289,,10.44,0.678,0.678,0.272,0.271
fish,3,2,FD4-PIP,,8,0.28,0.681045752,,308.5533118,,0,0.681,0.681,0.28,0.281
fish,3,2,FD-PIP,,8,0.28,0.681045752,,303.0589406,,0,0.681,0.681,0.28,0.281
fish,3,2,IDSA4-PIP,,8,0.28,0.681045752,,509.5007291,,0,0.681,0.681,0.28,0.281
fish,3,2,IDSA-PIP,,8,0.28,0.681045752,,551.396724,,0,0.681,0.681,0.28,0.281
fish,3,3,Full MIP,,8,0.28,-104399.3212,1.000009579,3600.402687,3600.402687,10.44,0.679,0.677,0.272,0.271
fish,3,3,F-PIP,,8,0.28,-104399.3212,,1221.663733,,10.44,0.679,0.677,0.272,0.271
fish,3,3,ISA-PIP,,8,0.28,-104399.3212,,3539.538835,,10.44,0.679,0.677,0.272,0.271
fish,3,3,FD4-PIP,,8,0.28,0.681045752,,249.8954551,,0,0.681,0.678,0.281,0.28
fish,3,3,FD-PIP,,8,0.28,0.681045752,,245.9529791,,0,0.681,0.678,0.281,0.28
fish,3,3,IDSA4-PIP,,8,0.28,0.681045752,,522.9766543,,0,0.681,0.679,0.281,0.28
fish,3,3,IDSA-PIP,,8,0.28,0.681045752,,555.1513865,,0,0.681,0.679,0.281,0.28
fish,3,4,Full MIP,,8,0.28,-143599.3216,1.000006964,3600.20583,3600.20583,14.36,0.68,0.679,0.269,0.27
fish,3,4,F-PIP,,8,0.28,-143599.3216,,752.5995953,,14.36,0.68,0.679,0.269,0.27
fish,3,4,ISA-PIP,,8,0.28,-143599.3216,,2490.76971,,14.36,0.68,0.679,0.269,0.27
fish,3,4,FD4-PIP,,8,0.28,0.681045752,,243.4278851,,0,0.681,0.68,0.29,0.289
fish,3,4,FD-PIP,,8,0.28,0.681045752,,240.9238231,,0,0.681,0.68,0.29,0.289
fish,3,4,IDSA4-PIP,,8,0.28,0.681045752,,679.131855,,0,0.681,0.679,0.28,0.28
fish,3,4,IDSA-PIP,,8,0.28,0.681045752,,679.8006985,,0,0.681,0.679,0.28,0.28
wine,4,1,Full MIP,10,2,0.99,1,0,6.24516511,6.24516511,0,1,0.822,1,0.75
wine,4,1,F-PIP,10,2,0.99,1,,22.36372995,,0,1,0.844,1,0.824
wine,4,1,ISA-PIP,10,2,0.99,1,,80.59488678,,0,1,0.844,1,0.824
wine,4,1,FD4-PIP,10,2,0.99,1,,0.958475828,,0,1,0.844,1,0.824
wine,4,1,FD-PIP,10,2,0.99,1,,0.941243887,,0,1,0.844,1,0.824
wine,4,1,IDSA4-PIP,10,2,0.99,1,,3.181304216,,0,1,0.844,1,0.824
wine,4,1,IDSA-PIP,10,2,0.99,1,,3.206682205,,0,1,0.844,1,0.824
wine,4,2,Full MIP,7,2,0.99,1,0,371.4645679,371.4645679,0,1,0.867,1,0.75
wine,4,2,F-PIP,7,2,0.99,1,,295.6700566,,0,1,0.956,1,0.9
wine,4,2,ISA-PIP,7,2,0.99,1,,796.8924098,,0,1,0.911,1,0.818
wine,4,2,FD4-PIP,7,2,0.99,1,,4.455134869,,0,1,0.867,1,0.75
wine,4,2,FD-PIP,7,2,0.99,1,,3.748570919,,0,1,0.867,1,0.75
wine,4,2,IDSA4-PIP,7,2,0.99,1,,12.17058969,,0,1,0.933,1,0.857
wine,4,2,IDSA-PIP,7,2,0.99,1,,8.624647856,,0,1,0.933,1,0.857
wine,4,3,Full MIP,10,2,0.99,0.984962406,0.015267176,0.873106003,3600.676159,0,0.985,0.8,1,0.867
wine,4,3,F-PIP,10,2,0.99,0.984962406,,618.5834451,,0,0.985,0.844,1,1
wine,4,3,ISA-PIP,10,2,0.99,1,,1576.041892,,0,1,0.867,1,1
wine,4,3,FD4-PIP,10,2,0.99,0.992481203,,141.98931,,0,0.992,0.8,1,0.846
wine,4,3,FD-PIP,10,2,0.99,0.992481203,,137.879431,,0,0.992,0.8,1,0.846
wine,4,3,IDSA4-PIP,10,2,0.99,1,,108.5551832,,0,1,0.867,1,0.933
wine,4,3,IDSA-PIP,10,2,0.99,1,,110.3057585,,0,1,0.867,1,0.933
wine,4,4,Full MIP,8,2,0.99,1,0,211.054045,211.054045,0,1,0.956,1,0.944
wine,4,4,F-PIP,8,2,0.99,0.992481203,,598.8920898,,0,1,0.956,1,0.944
wine,4,4,ISA-PIP,8,2,0.99,1,,204.2613764,,0,1,0.956,1,0.944
wine,4,4,FD4-PIP,8,2,0.99,1,,2.806465864,,0,1,0.933,1,0.941
wine,4,4,FD-PIP,8,2,0.99,1,,2.815790892,,0,1,0.933,1,0.941
wine,4,4,IDSA4-PIP,8,2,0.99,1,,5.118694544,,0,1,0.867,1,0.929
wine,4,4,IDSA-PIP,8,2,0.99,1,,5.765797377,,0,1,0.867,1,0.929
nwth,4,1,Full MIP,,1,1,0.310559218,2.219997806,0.641998053,3627.164512,-2.12E-11,0.311,0.278,1,1
nwth,4,1,F-PIP,,1,1,0.310559006,,638.6910839,,0,0.311,0.259,1,-
nwth,4,1,ISA-PIP,,1,1,0.310559006,,1946.268712,,0,0.311,0.278,1,1
nwth,4,1,FD4-PIP,,1,1,0.465838509,,374.1260524,,0,0.478,0.333,1,0.6
nwth,4,1,FD-PIP,,1,1,0.465838509,,372.4721291,,0,0.478,0.333,1,0.6
nwth,4,1,IDSA4-PIP,,1,1,0.950310559,,1736.164021,,0,0.95,0.889,1,0.944
nwth,4,1,IDSA-PIP,,1,1,0.950310559,,1388.53919,,0,0.95,0.889,1,0.944
nwth,4,2,Full MIP,,1,1,0.316770186,2.156862745,3247.622386,3600.134579,0,0.317,0.333,1,1
nwth,4,2,F-PIP,,1,1,0.304347826,,603.1906412,,0,0.304,0.296,1,-
nwth,4,2,ISA-PIP,,1,1,0.304347826,,1795.583056,,0,0.304,0.315,1,1
nwth,4,2,FD4-PIP,,1,1,0.540372671,,369.2939322,,0,0.54,0.426,1,0.818
nwth,4,2,FD-PIP,,1,1,0.540372671,,365.7694247,,0,0.54,0.426,1,0.818
nwth,4,2,IDSA4-PIP,,1,1,0.888198758,,1817.405418,,0,0.888,0.815,1,1
nwth,4,2,IDSA-PIP,,1,1,0.888198758,,1411.724832,,0,0.888,0.815,1,1
nwth,4,3,Full MIP,,1,1,0.397515528,1.515625,3607.762479,3607.903587,0,0.398,0.352,1,0.75
nwth,4,3,F-PIP,,1,1,0.322981366,,742.0087094,,0,0.323,0.296,1,1
nwth,4,3,ISA-PIP,,1,1,0.322981366,,1832.996311,,0,0.323,0.352,1,1
nwth,4,3,FD4-PIP,,1,1,0.49689441,,383.3099167,,0,0.497,0.37,1,0.8
nwth,4,3,FD-PIP,,1,1,0.50310559,,390.6429288,,0,0.509,0.389,1,0.889
nwth,4,3,IDSA4-PIP,,1,1,1,,619.9500835,,0,1,0.907,1,0.923
nwth,4,3,IDSA-PIP,,1,1,1,,643.1174846,,0,1,0.907,1,0.923
nwth,4,4,Full MIP,,1,1,1,0,3186.545694,3186.545694,0,1,0.889,1,0.9
nwth,4,4,F-PIP,,1,1,0.335403727,,509.1237409,,0,0.335,0.259,1,0.667
nwth,4,4,ISA-PIP,,1,1,0.360248447,,3092.073559,,0,0.36,0.278,1,0.75
nwth,4,4,FD4-PIP,,1,1,0.98757764,,364.3855622,,0,0.988,0.833,1,0.892
nwth,4,4,FD-PIP,,1,1,0.98136646,,382.7321701,,0,0.981,0.833,1,0.892
nwth,4,4,IDSA4-PIP,,1,1,1,,269.4720039,,0,1,0.87,1,0.878
nwth,4,4,IDSA-PIP,,1,1,1,,264.2874155,,0,1,0.87,1,0.878
htds,4,1,Full MIP,10,1,0.83,0.697777778,0.433121019,3600.045838,3600.175046,0,0.698,0.5,0.894,0.727
htds,4,1,F-PIP,10,1,0.83,0.68,,590.3584025,,0,0.68,0.5,0.894,0.727
htds,4,1,ISA-PIP,10,1,0.83,0.68,,1998.503073,,0,0.68,0.5,0.894,0.727
htds,4,1,FD4-PIP,10,1,0.83,0.871111111,,704.4826024,,0,0.871,0.526,0.959,0.717
htds,4,1,FD-PIP,10,1,0.83,0.897777778,,549.4014261,,0,0.898,0.513,0.967,0.739
htds,4,1,IDSA4-PIP,10,1,0.83,0.951111111,,2795.13739,,0,0.951,0.539,0.968,0.756
htds,4,1,IDSA-PIP,10,1,0.83,0.88,,1010.906899,,0,0.88,0.553,0.938,0.723
htds,4,2,Full MIP,7,1,0.83,0.706666667,0.41509434,3600.058766,3600.187153,0,0.707,0.5,0.837,0.708
htds,4,2,F-PIP,7,1,0.83,0.702222222,,561.9551482,,0,0.702,0.5,0.837,0.708
htds,4,2,ISA-PIP,7,1,0.83,0.702222222,,1958.346707,,0,0.702,0.5,0.837,0.708
htds,4,2,FD4-PIP,7,1,0.83,0.84,,563.5891647,,0,0.84,0.5,0.901,0.702
htds,4,2,FD-PIP,7,1,0.83,0.84,,505.0020149,,0,0.84,0.5,0.902,0.762
htds,4,2,IDSA4-PIP,7,1,0.83,0.888888889,,2385.046763,,0,0.889,0.461,0.975,0.75
htds,4,2,IDSA-PIP,7,1,0.83,0.853333333,,1340.741735,,0,0.853,0.553,0.938,0.837
htds,4,3,Full MIP,11,1,0.83,0.68,0.470588235,2.662429094,3600.310797,0,0.68,0.566,0.848,0.745
htds,4,3,F-PIP,11,1,0.83,0.675555556,,593.0341892,,0,0.676,0.553,0.848,0.745
htds,4,3,ISA-PIP,11,1,0.83,0.675555556,,1934.702653,,0,0.676,0.553,0.848,0.745
htds,4,3,FD4-PIP,11,1,0.83,0.902222222,,678.4124465,,0,0.902,0.592,0.938,0.787
htds,4,3,FD-PIP,11,1,0.83,0.88,,636.1047001,,0,0.88,0.526,0.91,0.72
htds,4,3,IDSA4-PIP,11,1,0.83,0.884444444,,2981.559081,,0,0.884,0.553,0.976,0.74
htds,4,3,IDSA-PIP,11,1,0.83,0.902222222,,1911.501111,,0,0.902,0.553,0.984,0.755
htds,4,4,Full MIP,7,1,0.83,0.72,0.388888889,1.394482851,3600.349302,0,0.72,0.566,0.89,0.773
htds,4,4,F-PIP,7,1,0.83,0.715555556,,748.5412714,,0,0.716,0.553,0.89,0.773
htds,4,4,ISA-PIP,7,1,0.83,0.666666667,,1628.455702,,0,0.667,0.513,0.85,0.756
htds,4,4,FD4-PIP,7,1,0.83,0.822222222,,546.06392,,0,0.822,0.487,0.95,0.762
htds,4,4,FD-PIP,7,1,0.83,0.862222222,,627.0375628,,0,0.862,0.513,0.938,0.721
htds,4,4,IDSA4-PIP,7,1,0.83,0.897777778,,1675.170611,,0,0.898,0.513,0.975,0.739
htds,4,4,IDSA-PIP,7,1,0.83,0.897777778,,1401.454862,,0,0.898,0.553,0.975,0.745
dmtl,4,1,Full MIP,18,1,1,0.914179104,0.093877551,4.106579065,3600.403962,0,0.914,0.878,1,1
dmtl,4,1,F-PIP,18,1,1,0.914179104,,573.715446,,0,0.914,0.889,1,1
dmtl,4,1,ISA-PIP,18,1,1,0.914179104,,1831.712774,,0,0.914,0.889,1,1
dmtl,4,1,FD4-PIP,18,1,1,0.996268657,,313.2475662,,0,0.996,0.889,1,0.96
dmtl,4,1,FD-PIP,18,1,1,0.996268657,,311.9686918,,0,0.996,0.889,1,0.96
dmtl,4,1,IDSA4-PIP,18,1,1,0.996268657,,1887.901348,,0,0.996,0.933,1,0.962
dmtl,4,1,IDSA-PIP,18,1,1,0.996268657,,589.8432555,,0,0.996,0.933,1,0.962
dmtl,4,2,Full MIP,14,1,1,0.925373134,0.080645161,3.854618073,3600.527475,0,0.933,0.922,1,1
dmtl,4,2,F-PIP,14,1,1,0.906716418,,660.304543,,0,0.907,0.933,1,1
dmtl,4,2,ISA-PIP,14,1,1,0.906716418,,1727.604883,,0,0.907,0.933,1,1
dmtl,4,2,FD4-PIP,14,1,1,0.906716418,,158.9660184,,0,0.907,0.933,1,1
dmtl,4,2,FD-PIP,14,1,1,0.906716418,,151.2272391,,0,0.907,0.933,1,1
dmtl,4,2,IDSA4-PIP,14,1,1,0.906716418,,504.0824645,,0,0.907,0.933,1,1
dmtl,4,2,IDSA-PIP,14,1,1,0.906716418,,511.2145507,,0,0.907,0.933,1,1
dmtl,4,3,Full MIP,17,1,1,0.902985075,0.107438017,4.091485977,3600.257183,0,0.903,0.933,1,0.966
dmtl,4,3,F-PIP,17,1,1,0.902985075,,450.0954618,,0,0.903,0.933,1,0.966
dmtl,4,3,ISA-PIP,17,1,1,0.902985075,,1595.157999,,0,0.903,0.933,1,0.966
dmtl,4,3,FD4-PIP,17,1,1,0.902985075,,167.6829205,,0,0.903,0.933,1,0.966
dmtl,4,3,FD-PIP,17,1,1,0.902985075,,159.5980468,,0,0.903,0.933,1,0.966
dmtl,4,3,IDSA4-PIP,17,1,1,0.902985075,,541.6955693,,0,0.903,0.933,1,0.966
dmtl,4,3,IDSA-PIP,17,1,1,0.902985075,,510.2903824,,0,0.903,0.933,1,0.966
dmtl,4,4,Full MIP,19,1,1,0.910447761,0.098360656,3.819689989,3600.857968,0,0.91,0.867,1,0.964
dmtl,4,4,F-PIP,19,1,1,0.910447761,,511.7910943,,0,0.91,0.867,1,0.964
dmtl,4,4,ISA-PIP,19,1,1,0.910447761,,1556.045686,,0,0.91,0.867,1,0.964
dmtl,4,4,FD4-PIP,19,1,1,1,,497.2148695,,0,1,0.9,1,0.848
dmtl,4,4,FD-PIP,19,1,1,1,,448.7321682,,0,1,0.889,1,0.867
dmtl,4,4,IDSA4-PIP,19,1,1,0.996268657,,2089.026526,,0,0.996,0.856,1,0.9
dmtl,4,4,IDSA-PIP,19,1,1,0.996268657,,885.1663177,,0,0.996,0.878,1,0.966
blsc,4,1,Full MIP,,1,0.87,0.837606838,0.193877551,2.061331987,3605.348931,0,0.838,0.777,0.875,0.812
blsc,4,1,F-PIP,,1,0.87,0.837606838,,747.9858212,,0,0.838,0.777,0.875,0.812
blsc,4,1,ISA-PIP,,1,0.87,0.837606838,,2119.442458,,0,0.838,0.777,0.875,0.812
blsc,4,1,FD4-PIP,,1,0.87,0.961538462,,734.171932,,0,0.962,0.873,0.977,0.918
blsc,4,1,FD-PIP,,1,0.87,0.942307692,,686.821579,,0,0.942,0.854,0.977,0.938
blsc,4,1,IDSA4-PIP,,1,0.87,0.952991453,,1506.029959,,0,0.953,0.885,0.973,0.905
blsc,4,1,IDSA-PIP,,1,0.87,0.952991453,,1318.566055,,0,0.953,0.885,0.973,0.905
blsc,4,2,Full MIP,,1,0.87,0.818376068,0.221932115,1.685576916,3602.805298,0,0.818,0.739,0.876,0.864
blsc,4,2,F-PIP,,1,0.87,-139299.1774,,646.2098515,,13.93,0.823,0.771,0.812,0.789
blsc,4,2,ISA-PIP,,1,0.87,0.818376068,,2161.807068,,0,0.818,0.739,0.876,0.864
blsc,4,2,FD4-PIP,,1,0.87,0.931623932,,669.6119764,,0,0.932,0.796,0.95,0.924
blsc,4,2,FD-PIP,,1,0.87,0.931623932,,703.7868409,,0,0.932,0.796,0.95,0.924
blsc,4,2,IDSA4-PIP,,1,0.87,0.944444444,,1951.136173,,0,0.944,0.847,0.968,0.94
blsc,4,2,IDSA-PIP,,1,0.87,0.94017094,,1309.180903,,0,0.94,0.822,0.968,0.952
blsc,4,3,Full MIP,,1,0.87,0.805558125,0.24137535,2.296316862,3610.785428,-2.57E-10,0.806,0.745,0.871,0.86
blsc,4,3,F-PIP,,1,0.87,-185899.1624,,588.5765591,,18.59,0.838,0.796,0.798,0.822
blsc,4,3,ISA-PIP,,1,0.87,0.805555556,,2540.68514,,0,0.806,0.745,0.871,0.86
blsc,4,3,FD4-PIP,,1,0.87,0.927350427,,668.0658555,,0,0.927,0.892,0.942,0.932
blsc,4,3,FD-PIP,,1,0.87,0.929487179,,706.1679933,,0,0.929,0.834,0.93,0.867
blsc,4,3,IDSA4-PIP,,1,0.87,0.923076923,,1780.014647,,0,0.923,0.885,0.941,0.918
blsc,4,3,IDSA-PIP,,1,0.87,0.901709402,,1089.574424,,0,0.902,0.86,0.94,0.901
blsc,4,4,Full MIP,,1,0.87,0.833333333,0.2,1.593706131,3613.661974,0,0.833,0.796,0.878,0.853
blsc,4,4,F-PIP,,1,0.87,0.816239316,,718.17155,,0,0.816,0.771,0.877,0.857
blsc,4,4,ISA-PIP,,1,0.87,0.752136752,,3475.346236,,0,0.752,0.707,0.894,0.846
blsc,4,4,FD4-PIP,,1,0.87,0.950854701,,686.6528263,,0,0.951,0.828,0.982,0.844
blsc,4,4,FD-PIP,,1,0.87,0.950854701,,603.0100827,,0,0.951,0.854,0.977,0.872
blsc,4,4,IDSA4-PIP,,1,0.87,0.938034188,,1319.128403,,0,0.938,0.866,0.959,0.94
blsc,4,4,IDSA-PIP,,1,0.87,0.938034188,,1389.424923,,0,0.938,0.866,0.959,0.94
ctmc,4,1,Full MIP,5,1,0.69,0.561594203,0.780645161,7.521121979,3603.141465,0,0.562,0.523,0.814,0.759
ctmc,4,1,F-PIP,5,1,0.69,-38099.41757,,1131.308692,,3.81,0.582,0.566,0.682,0.654
ctmc,4,1,ISA-PIP,5,1,0.69,-38099.41757,,3865.535931,,3.81,0.582,0.566,0.682,0.654
ctmc,4,1,FD4-PIP,5,1,0.69,0.610507246,,999.0686288,,0,0.611,0.575,0.708,0.662
ctmc,4,1,FD-PIP,5,1,0.69,0.609601449,,987.4688492,,0,0.611,0.572,0.713,0.682
ctmc,4,1,IDSA4-PIP,5,1,0.69,0.608695652,,3442.131626,,0,0.609,0.539,0.729,0.64
ctmc,4,1,IDSA-PIP,5,1,0.69,0.605072464,,1473.857023,,0,0.605,0.577,0.697,0.656
ctmc,4,2,Full MIP,7,1,0.69,0.559782609,0.786407767,8.663829803,3600.373081,0,0.56,0.493,0.789,0.769
ctmc,4,2,F-PIP,7,1,0.69,-64399.41486,,511.5683661,,6.44,0.585,0.518,0.676,0.644
ctmc,4,2,ISA-PIP,7,1,0.69,-64399.41486,,1875.724471,,6.44,0.585,0.518,0.676,0.644
ctmc,4,2,FD4-PIP,7,1,0.69,0.625905797,,942.0578387,,0,0.626,0.501,0.707,0.623
ctmc,4,2,FD-PIP,7,1,0.69,0.639492754,,1101.779139,,0,0.64,0.518,0.729,0.653
ctmc,4,2,IDSA4-PIP,7,1,0.69,0.615942029,,2359.138356,,0,0.616,0.534,0.709,0.66
ctmc,4,2,IDSA-PIP,7,1,0.69,0.589673913,,1259.672993,,0,0.59,0.501,0.801,0.736
ctmc,4,3,Full MIP,4,1,0.69,0.549818841,0.81878089,7.743596077,3607.285427,0,0.55,0.556,0.771,0.704
ctmc,4,3,F-PIP,4,1,0.69,-141299.4293,,992.392185,,14.13,0.571,0.575,0.66,0.624
ctmc,4,3,ISA-PIP,4,1,0.69,-141299.4293,,3830.026159,,14.13,0.571,0.575,0.66,0.624
ctmc,4,3,FD4-PIP,4,1,0.69,0.589673913,,552.0200808,,0,0.59,0.547,0.74,0.62
ctmc,4,3,FD-PIP,4,1,0.69,0.589673913,,671.6507068,,0,0.59,0.542,0.74,0.613
ctmc,4,3,IDSA4-PIP,4,1,0.69,0.60326087,,1872.455535,,0,0.603,0.58,0.732,0.658
ctmc,4,3,IDSA-PIP,4,1,0.69,0.574275362,,1234.858037,,0,0.574,0.564,0.815,0.716
ctmc,4,4,Full MIP,9,1,0.69,0.548913043,0.821782178,3600.198573,3600.503845,0,0.558,0.52,0.783,0.764
ctmc,4,4,F-PIP,9,1,0.69,-49199.43659,,508.8607216,,4.92,0.584,0.537,0.679,0.62
ctmc,4,4,ISA-PIP,9,1,0.69,-49199.41576,,2193.94593,,4.92,0.584,0.537,0.679,0.62
ctmc,4,4,FD4-PIP,9,1,0.69,0.612318841,,951.83565,,0,0.612,0.542,0.708,0.633
ctmc,4,4,FD-PIP,9,1,0.69,0.617753623,,813.8825934,,0,0.618,0.556,0.704,0.634
ctmc,4,4,IDSA4-PIP,9,1,0.69,0.619565217,,2082.070885,,0,0.62,0.553,0.724,0.658
ctmc,4,4,IDSA-PIP,9,1,0.69,0.632246377,,1880.339778,,0,0.632,0.542,0.73,0.643
ceva,4,1,Full MIP,9,1,0.96,0.799382716,0.250965251,8.839859009,3601.136116,0,0.799,0.792,0.982,0.996
ceva,4,1,F-PIP,9,1,0.96,-70399.18596,,565.7861772,,7.04,0.814,0.803,0.952,0.963
ceva,4,1,ISA-PIP,9,1,0.96,-70399.18596,,2914.894371,,7.04,0.814,0.803,0.952,0.963
ceva,4,1,FD4-PIP,9,1,0.96,0.889660494,,1543.946731,,0,0.89,0.863,1,0.993
ceva,4,1,FD-PIP,9,1,0.96,0.853395062,,1340.672863,,0,0.853,0.831,0.996,0.993
ceva,4,1,IDSA4-PIP,9,1,0.96,0.880401235,,4311.103917,,0,0.88,0.887,1,1
ceva,4,1,IDSA-PIP,9,1,0.96,0.889660494,,1596.636297,,0,0.89,0.882,1,1
ceva,4,2,Full MIP,11,1,0.96,0.797839506,0.253384913,10.171278,3600.891253,0,0.798,0.801,0.982,0.984
ceva,4,2,F-PIP,11,1,0.96,-23599.18441,,489.549561,,2.36,0.816,0.803,0.957,0.937
ceva,4,2,ISA-PIP,11,1,0.96,-23599.18441,,2336.367633,,2.36,0.816,0.803,0.957,0.937
ceva,4,2,FD4-PIP,11,1,0.96,0.858796296,,802.8730931,,0,0.859,0.856,1,0.986
ceva,4,2,FD-PIP,11,1,0.96,0.826388889,,966.1941752,,0,0.826,0.829,1,0.985
ceva,4,2,IDSA4-PIP,11,1,0.96,0.895833333,,9300.023764,,0,0.896,0.896,1,0.99
ceva,4,2,IDSA-PIP,11,1,0.96,0.896604938,,2684.335275,,0,0.897,0.868,0.994,0.973
ceva,4,3,Full MIP,10,1,0.96,0.791666667,0.263157895,9.774960995,3600.256931,0,0.792,0.819,0.987,0.971
ceva,4,3,F-PIP,10,1,0.96,-377199.1875,,780.3066432,,37.72,0.812,0.824,0.918,0.895
ceva,4,3,ISA-PIP,10,1,0.96,-129199.1883,,3117.892245,,12.92,0.812,0.826,0.945,0.919
ceva,4,3,FD4-PIP,10,1,0.96,0.87037037,,1968.967541,,0,0.872,0.884,1,1
ceva,4,3,FD-PIP,10,1,0.96,0.792438272,,363.7424409,,0,0.792,0.819,0.987,0.971
ceva,4,3,IDSA4-PIP,10,1,0.96,0.875771605,,5033.100748,,0,0.876,0.891,0.998,1
ceva,4,3,IDSA-PIP,10,1,0.96,0.792438272,,872.4311872,,0,0.792,0.822,0.987,0.971
ceva,4,4,Full MIP,8,1,0.96,0.805555556,0.24137931,9.123976946,3600.698571,0,0.806,0.806,0.967,0.967
ceva,4,4,F-PIP,8,1,0.96,0.785493827,,1376.588353,,0,0.785,0.782,0.967,0.967
ceva,4,4,ISA-PIP,8,1,0.96,0.805555556,,3183.755418,,0,0.806,0.806,0.967,0.967
ceva,4,4,FD4-PIP,8,1,0.96,0.822530864,,490.0553672,,0,0.823,0.819,0.963,0.961
ceva,4,4,FD-PIP,8,1,0.96,0.816358025,,382.2703843,,0,0.816,0.815,0.985,0.981
ceva,4,4,IDSA4-PIP,8,1,0.96,0.861111111,,5095.78778,,0,0.861,0.85,0.995,0.993
ceva,4,4,IDSA-PIP,8,1,0.96,0.821759259,,1496.166556,,0,0.822,0.819,0.977,0.978
fish,4,1,Full MIP,,8,0.36,-57599.21503,1.000017361,3601.640683,3601.640683,5.76,0.785,0.786,0.354,0.355
fish,4,1,F-PIP,,8,0.36,-57599.21503,,1039.379331,,5.76,0.785,0.786,0.354,0.355
fish,4,1,ISA-PIP,,8,0.36,-57599.21503,,2125.774143,,5.76,0.785,0.786,0.354,0.355
fish,4,1,FD4-PIP,,8,0.36,0.859150327,,923.5047545,,0,0.863,0.867,0.462,0.471
fish,4,1,FD-PIP,,8,0.36,0.883006536,,1101.97221,,0,0.883,0.883,0.503,0.502
fish,4,1,IDSA4-PIP,,8,0.36,0.884640523,,1066.688258,,0,0.885,0.882,0.508,0.502
fish,4,1,IDSA-PIP,,8,0.36,0.884640523,,1033.836994,,0,0.885,0.882,0.508,0.502
fish,4,2,Full MIP,,8,0.36,-50399.21438,1.000019842,3602.959294,3602.959294,5.04,0.786,0.785,0.355,0.354
fish,4,2,F-PIP,,8,0.36,-50399.21438,,491.9452891,,5.04,0.786,0.785,0.355,0.354
fish,4,2,ISA-PIP,,8,0.36,-50399.21438,,1570.293301,,5.04,0.786,0.785,0.355,0.354
fish,4,2,FD4-PIP,,8,0.36,0.80620915,,590.0162473,,0,0.806,0.813,0.379,0.387
fish,4,2,FD-PIP,,8,0.36,0.80620915,,598.9353945,,0,0.806,0.813,0.379,0.387
fish,4,2,IDSA4-PIP,,8,0.36,0.893137255,,4452.735593,,0,0.894,0.889,0.534,0.525
fish,4,2,IDSA-PIP,,8,0.36,0.884640523,,2402.171046,,0,0.885,0.885,0.53,0.526
fish,4,3,Full MIP,,8,0.36,-50399.21437,1.000019842,3761.553988,3761.553988,5.039999999,0.786,0.785,0.355,0.354
fish,4,3,F-PIP,,8,0.36,-50399.21438,,521.0932951,,5.04,0.786,0.785,0.355,0.354
fish,4,3,ISA-PIP,,8,0.36,-50399.21438,,1772.781536,,5.04,0.786,0.785,0.355,0.354
fish,4,3,FD4-PIP,,8,0.36,0.843464052,,795.4060144,,0,0.844,0.841,0.431,0.43
fish,4,3,FD-PIP,,8,0.36,0.82254902,,677.350209,,0,0.823,0.823,0.4,0.401
fish,4,3,IDSA4-PIP,,8,0.36,0.84248366,,1272.873979,,0,0.842,0.841,0.446,0.443
fish,4,3,IDSA-PIP,,8,0.36,0.84248366,,1310.82907,,0,0.842,0.841,0.446,0.443
fish,4,4,Full MIP,,8,0.36,-82799.2183,1.000012077,3615.173249,3615.173249,8.28,0.783,0.783,0.352,0.352
fish,4,4,F-PIP,,8,0.36,-82799.2183,,1495.591277,,8.28,0.783,0.783,0.352,0.352
fish,4,4,ISA-PIP,,8,0.36,-82799.2183,,2709.224953,,8.28,0.783,0.783,0.352,0.352
fish,4,4,FD4-PIP,,8,0.36,0.783006536,,445.4845009,,0,0.783,0.781,0.368,0.365
fish,4,4,FD-PIP,,8,0.36,0.783006536,,450.3166213,,0,0.783,0.781,0.368,0.365
fish,4,4,IDSA4-PIP,,8,0.36,0.82254902,,2161.828265,,0,0.826,0.821,0.445,0.444
fish,4,4,IDSA-PIP,,8,0.36,0.874509804,,2991.612689,,0,0.885,0.886,0.634,0.645
