class,length,weight,w_l_ratio
0,10.66,3.45,0.32
0,6.91,3.27,0.47
0,8.38,3.46,0.41
0,7.57,3.36,0.44
0,10.83,3.38,0.31
0,9.35,3.28,0.35
0,9.42,3.33,0.35
0,7.92,3.13,0.39
0,6.98,3.16,0.45
0,8.42,3.26,0.39
0,8.03,3.4,0.42
0,10.27,3.16,0.31
0,8.43,3.33,0.39
0,7.0,3.2,0.46
0,7.46,3.25,0.44
0,9.41,3.21,0.34
0,6.64,3.2,0.48
0,8.17,3.3,0.4
0,8.85,3.07,0.35
0,7.83,3.16,0.4
0,10.19,3.24,0.32
0,9.21,3.36,0.36
0,6.67,3.31,0.5
0,8.25,3.32,0.4
0,7.21,3.4,0.47
0,9.52,3.23,0.34
0,7.13,3.2,0.45
0,8.97,3.25,0.36
0,6.74,3.11,0.46
0,7.54,3.21,0.43
0,10.81,3.26,0.3
0,10.56,3.41,0.32
0,7.48,3.11,0.42
0,8.74,3.37,0.39
0,8.78,3.24,0.37
0,7.16,3.48,0.49
0,9.47,3.45,0.36
0,7.1,3.26,0.46
0,7.23,3.31,0.46
0,7.88,3.3,0.42
0,8.31,3.35,0.4
0,7.28,3.2,0.44
0,7.52,3.15,0.42
0,6.88,3.29,0.48
0,8.51,3.48,0.41
0,9.21,3.12,0.34
0,8.25,3.17,0.38
0,10.13,3.34,0.33
0,9.84,3.42,0.35
0,8.67,3.31,0.38
0,8.17,3.3,0.4
0,7.45,3.09,0.41
0,9.45,3.32,0.35
0,7.28,3.3,0.45
0,9.92,3.33,0.34
0,9.26,3.25,0.35
0,6.94,3.29,0.47
0,8.03,3.29,0.41
0,9.81,3.39,0.35
0,7.61,3.29,0.43
0,7.87,3.24,0.41
0,6.7,3.24,0.48
0,7.81,3.37,0.43
0,9.74,3.26,0.34
0,8.14,3.17,0.39
0,7.89,3.25,0.41
0,7.34,3.25,0.44
0,6.86,3.34,0.49
0,7.16,3.2,0.45
0,9.43,3.27,0.35
0,10.58,3.37,0.32
0,7.69,3.31,0.43
0,6.39,3.06,0.48
0,8.53,3.39,0.4
0,7.94,3.18,0.4
0,9.73,3.32,0.34
0,9.83,3.35,0.34
0,9.3,3.17,0.34
0,7.68,3.41,0.44
0,6.85,3.26,0.48
0,8.39,3.26,0.39
0,8.77,3.34,0.38
0,8.74,3.32,0.38
0,6.87,3.23,0.47
0,8.31,3.35,0.4
0,9.34,3.18,0.34
0,7.23,3.31,0.46
0,7.33,3.45,0.47
0,6.7,3.22,0.48
0,7.77,3.06,0.39
0,6.79,3.18,0.47
0,7.22,3.28,0.45
0,8.54,3.08,0.36
0,7.41,3.11,0.42
0,6.63,3.18,0.48
0,7.2,3.47,0.48
0,7.31,3.26,0.45
0,8.94,3.29,0.37
0,7.06,3.29,0.47
0,9.4,3.44,0.37
0,7.35,3.29,0.45
0,8.58,3.24,0.38
0,7.17,3.34,0.47
0,9.41,3.31,0.35
0,8.41,3.12,0.37
0,7.01,3.25,0.46
0,6.54,3.35,0.51
0,7.08,3.25,0.46
0,8.26,3.18,0.39
0,8.1,3.12,0.39
0,7.02,3.25,0.46
0,8.15,3.27,0.4
0,7.77,3.46,0.44
0,9.58,3.29,0.34
0,8.72,3.22,0.37
0,8.58,3.44,0.4
0,8.04,3.29,0.41
0,7.53,3.06,0.41
0,7.75,3.32,0.43
0,8.41,3.24,0.38
0,7.64,3.19,0.42
0,10.19,3.42,0.34
0,7.18,3.41,0.48
0,10.58,3.38,0.32
0,8.22,3.31,0.4
0,8.34,3.4,0.41
0,9.99,3.42,0.34
0,8.57,3.25,0.38
0,8.74,3.22,0.37
0,7.3,3.38,0.46
0,8.49,3.23,0.38
0,8.62,3.24,0.38
0,6.79,3.4,0.5
0,9.59,3.35,0.35
0,6.57,3.29,0.5
0,7.9,3.33,0.42
0,7.67,3.34,0.44
0,9.62,3.23,0.34
0,7.57,3.09,0.41
0,8.21,3.31,0.4
0,7.06,3.02,0.43
0,9.57,3.33,0.35
0,8.45,3.26,0.39
0,6.98,3.34,0.48
0,6.53,3.34,0.51
0,6.68,3.23,0.48
0,7.84,3.16,0.4
0,7.34,3.16,0.43
0,8.73,3.36,0.39
0,8.08,3.29,0.41
0,8.27,3.33,0.4
0,7.92,3.26,0.41
0,7.03,3.23,0.46
0,6.7,3.14,0.47
0,7.19,3.14,0.44
0,10.76,3.2,0.3
0,9.97,3.58,0.36
0,6.5,3.17,0.49
0,8.34,3.19,0.38
0,7.44,3.26,0.44
0,8.98,3.28,0.37
0,7.21,3.12,0.43
0,6.9,3.22,0.47
0,7.82,3.16,0.4
0,7.64,3.22,0.42
0,9.44,3.39,0.36
0,7.07,3.11,0.44
0,9.59,3.31,0.35
0,8.63,3.26,0.38
0,8.16,3.36,0.41
0,7.61,3.35,0.44
0,6.84,3.34,0.49
0,10.71,3.42,0.32
0,6.9,3.14,0.45
0,7.53,3.13,0.42
0,8.86,3.35,0.38
0,8.77,3.36,0.38
0,6.5,3.18,0.49
0,9.12,3.35,0.37
0,8.36,3.36,0.4
0,7.57,3.35,0.44
0,7.55,3.16,0.42
0,10.59,3.25,0.31
0,8.77,3.11,0.35
0,7.2,3.33,0.46
0,8.94,3.39,0.38
0,8.0,3.23,0.4
0,7.68,3.15,0.41
0,9.27,3.28,0.35
0,9.03,3.37,0.37
0,6.36,3.25,0.51
0,7.85,3.37,0.43
0,7.05,3.21,0.45
0,9.18,3.43,0.37
0,8.64,3.38,0.39
0,8.64,3.12,0.36
0,7.04,3.37,0.48
0,7.29,3.43,0.47
0,7.46,3.31,0.44
0,9.06,3.29,0.36
0,8.78,3.21,0.37
0,9.33,3.38,0.36
0,7.18,3.15,0.44
0,8.25,3.18,0.39
0,7.02,3.25,0.46
0,9.13,3.43,0.38
0,7.99,3.28,0.41
0,8.78,3.11,0.35
0,8.54,3.33,0.39
0,6.51,3.35,0.51
0,6.68,3.2,0.48
0,8.95,3.3,0.37
0,9.35,3.34,0.36
0,6.82,3.21,0.47
0,8.87,3.29,0.37
0,7.55,3.26,0.43
0,7.56,3.24,0.43
0,8.64,3.41,0.39
0,8.92,3.4,0.38
0,9.33,3.36,0.36
0,8.03,3.34,0.42
0,7.61,3.19,0.42
0,9.79,3.3,0.34
0,9.8,3.24,0.33
0,10.42,3.35,0.32
0,9.34,3.3,0.35
0,9.53,3.25,0.34
0,8.95,3.27,0.36
0,8.1,3.26,0.4
0,7.07,3.27,0.46
0,7.29,3.28,0.45
0,9.21,3.37,0.37
0,6.84,3.26,0.48
0,8.39,3.15,0.38
0,7.74,3.16,0.41
0,8.49,3.33,0.39
0,6.53,3.31,0.51
0,7.19,3.2,0.44
0,8.48,3.28,0.39
0,6.98,3.31,0.47
0,7.42,3.24,0.44
0,8.06,3.29,0.41
0,10.14,3.33,0.33
0,9.41,3.18,0.34
0,6.89,3.16,0.46
0,8.23,3.14,0.38
0,6.67,3.33,0.5
0,7.36,3.13,0.43
0,9.9,3.37,0.34
0,8.41,3.31,0.39
0,8.95,3.26,0.36
0,6.53,3.05,0.47
0,10.78,3.26,0.3
0,9.66,3.36,0.35
0,8.35,3.31,0.4
0,6.87,3.14,0.46
0,6.86,3.22,0.47
0,8.54,3.24,0.38
0,8.12,3.1,0.38
0,10.31,3.2,0.31
0,6.71,3.31,0.49
0,9.47,3.44,0.36
0,8.71,3.36,0.39
0,7.9,3.16,0.4
0,9.68,3.51,0.36
0,8.92,3.24,0.36
0,8.02,3.28,0.41
0,8.79,3.36,0.38
0,7.4,3.21,0.43
0,7.36,3.22,0.44
0,7.17,3.18,0.44
0,7.49,3.08,0.41
0,7.71,3.16,0.41
0,7.69,3.16,0.41
0,6.98,3.08,0.44
0,9.47,3.53,0.37
0,7.71,3.28,0.42
0,6.75,3.22,0.48
0,7.3,3.26,0.45
0,8.73,3.33,0.38
0,7.22,3.12,0.43
0,7.05,3.34,0.47
0,8.91,3.2,0.36
0,8.1,3.19,0.39
0,7.16,3.25,0.45
0,7.06,3.23,0.46
0,6.39,3.21,0.5
0,8.94,3.18,0.36
0,6.61,3.1,0.47
0,6.58,3.15,0.48
0,7.05,3.24,0.46
0,8.0,3.34,0.42
0,8.45,3.32,0.39
0,7.8,3.15,0.4
0,9.17,3.38,0.37
0,9.24,3.11,0.34
0,7.55,3.34,0.44
0,7.33,3.16,0.43
0,8.59,3.19,0.37
0,7.94,3.23,0.41
0,10.2,3.5,0.34
0,7.48,3.21,0.43
0,8.63,3.31,0.38
0,8.66,3.35,0.39
0,7.72,3.17,0.41
0,6.52,3.35,0.51
0,7.98,3.14,0.39
0,10.62,3.45,0.33
0,7.47,3.22,0.43
0,7.51,3.18,0.42
0,8.17,3.28,0.4
0,7.84,3.17,0.4
0,8.98,3.26,0.36
0,8.65,3.34,0.39
0,9.18,3.38,0.37
0,8.98,3.26,0.36
0,7.37,3.14,0.43
0,7.95,3.37,0.42
0,7.66,3.36,0.44
0,8.8,3.42,0.39
0,9.27,3.36,0.36
0,7.05,3.24,0.46
0,7.66,3.32,0.43
0,9.13,3.32,0.36
0,7.24,3.25,0.45
0,7.58,3.23,0.43
0,7.4,3.29,0.44
0,8.68,3.38,0.39
0,8.17,3.28,0.4
0,10.45,3.46,0.33
0,9.59,3.35,0.35
0,8.27,3.15,0.38
0,10.42,3.38,0.32
0,7.76,3.22,0.42
0,7.35,3.1,0.42
0,8.42,3.27,0.39
0,9.43,3.33,0.35
0,9.63,3.27,0.34
0,8.46,3.28,0.39
0,6.72,3.14,0.47
0,7.06,3.28,0.46
0,8.82,3.25,0.37
0,10.22,3.45,0.34
0,9.39,3.38,0.36
0,9.5,3.36,0.35
0,9.87,3.35,0.34
0,7.17,3.39,0.47
0,7.64,3.38,0.44
0,10.35,3.44,0.33
0,8.22,3.22,0.39
0,6.55,3.27,0.5
0,7.01,3.24,0.46
0,10.16,3.38,0.33
0,6.37,3.25,0.51
0,7.15,3.2,0.45
0,9.85,3.25,0.33
0,7.32,3.28,0.45
0,8.47,3.44,0.41
0,8.67,3.31,0.38
0,9.26,3.34,0.36
0,8.59,3.18,0.37
0,7.76,3.24,0.42
0,7.8,3.34,0.43
0,6.88,3.34,0.48
0,7.52,3.09,0.41
0,7.35,3.22,0.44
0,10.39,3.27,0.31
0,6.86,3.15,0.46
0,7.23,3.16,0.44
0,8.1,3.27,0.4
0,9.1,3.3,0.36
0,8.57,3.36,0.39
0,7.17,3.16,0.44
0,7.73,3.17,0.41
0,8.57,3.16,0.37
0,8.11,3.06,0.38
0,7.97,3.24,0.41
0,8.26,3.26,0.39
0,7.7,3.34,0.43
0,8.4,3.27,0.39
0,7.57,3.16,0.42
0,7.0,3.21,0.46
0,6.6,3.17,0.48
0,8.92,3.24,0.36
0,9.65,3.21,0.33
0,7.98,3.22,0.4
0,6.54,3.43,0.52
0,8.34,3.12,0.37
0,6.43,3.21,0.5
0,10.19,3.32,0.33
0,7.53,3.34,0.44
0,7.44,3.11,0.42
0,9.12,3.42,0.38
0,8.24,3.37,0.41
0,8.83,3.27,0.37
0,7.94,3.18,0.4
0,9.66,3.51,0.36
0,8.11,3.1,0.38
0,7.28,3.13,0.43
0,7.29,3.36,0.46
0,6.67,3.27,0.49
0,9.5,3.42,0.36
0,10.04,3.41,0.34
0,9.31,3.39,0.36
0,8.89,3.21,0.36
0,7.92,3.38,0.43
0,10.04,3.51,0.35
0,7.21,3.26,0.45
0,8.47,3.34,0.39
0,7.03,3.34,0.48
0,7.76,3.29,0.42
0,7.47,3.34,0.45
0,8.19,3.21,0.39
0,8.64,3.29,0.38
0,7.56,3.31,0.44
0,9.64,3.41,0.35
0,11.01,3.47,0.31
0,10.37,3.45,0.33
0,8.81,3.19,0.36
0,9.2,3.12,0.34
0,6.98,3.43,0.49
0,8.89,3.36,0.38
0,6.76,3.16,0.47
0,9.82,3.17,0.32
0,8.47,3.25,0.38
0,9.35,3.44,0.37
0,7.97,3.28,0.41
0,7.71,3.34,0.43
0,6.74,3.23,0.48
0,9.78,3.29,0.34
0,7.33,3.39,0.46
0,7.55,3.06,0.41
0,9.45,3.34,0.35
0,7.19,3.15,0.44
0,6.81,3.27,0.48
0,7.66,3.24,0.42
0,8.42,3.18,0.38
0,10.52,3.46,0.33
0,7.9,3.21,0.41
0,7.28,3.08,0.42
0,8.98,3.25,0.36
0,7.12,3.25,0.46
0,7.52,3.29,0.44
0,8.47,3.32,0.39
0,10.15,3.33,0.33
0,6.72,3.19,0.48
0,6.65,3.26,0.49
0,8.57,3.58,0.42
0,7.04,3.09,0.44
0,7.57,3.26,0.43
0,6.85,3.22,0.47
0,9.18,3.14,0.34
0,7.7,3.38,0.44
0,9.95,3.29,0.33
0,8.47,3.32,0.39
0,7.06,3.12,0.44
0,6.96,3.25,0.47
0,7.97,3.28,0.41
0,8.74,3.35,0.38
0,6.89,3.27,0.48
0,6.9,3.18,0.46
0,8.5,3.4,0.4
0,10.02,3.21,0.32
0,9.03,3.17,0.35
0,6.91,3.17,0.46
0,7.28,3.08,0.42
0,8.35,3.27,0.39
0,8.18,3.25,0.4
0,6.98,3.22,0.46
0,6.39,3.37,0.53
0,7.34,3.22,0.44
0,8.42,3.15,0.37
0,7.09,3.18,0.45
0,9.65,3.24,0.34
0,7.37,3.19,0.43
0,9.12,3.08,0.34
1,23.27,2.43,0.1
1,24.15,2.34,0.1
1,25.16,2.87,0.11
1,24.21,2.61,0.11
1,25.0,3.06,0.12
1,22.97,2.55,0.11
1,24.17,2.3,0.1
1,23.81,2.8,0.12
1,24.68,2.42,0.1
1,24.24,2.46,0.1
1,23.78,2.48,0.1
1,23.15,2.76,0.12
1,23.9,3.01,0.13
1,24.96,2.56,0.1
1,25.45,3.23,0.13
1,24.88,2.7,0.11
1,24.44,2.75,0.11
1,23.75,3.0,0.13
1,24.09,3.11,0.13
1,23.62,2.54,0.11
1,25.08,2.53,0.1
1,24.54,2.66,0.11
1,24.21,2.86,0.12
1,23.62,3.17,0.13
1,24.94,2.89,0.12
1,25.46,2.93,0.12
1,25.19,3.23,0.13
1,23.5,2.77,0.12
1,25.08,2.93,0.12
1,23.19,2.88,0.12
1,24.19,2.72,0.11
1,23.93,2.72,0.11
1,24.85,2.34,0.09
1,24.21,2.34,0.1
1,24.67,3.29,0.13
1,25.43,2.24,0.09
1,25.05,2.84,0.11
1,24.89,2.86,0.12
1,25.43,3.13,0.12
1,24.31,2.69,0.11
1,24.78,2.63,0.11
1,24.81,2.78,0.11
1,24.37,2.6,0.11
1,23.5,2.79,0.12
1,23.97,3.03,0.13
1,24.6,3.05,0.12
1,24.59,2.67,0.11
1,25.3,2.8,0.11
1,23.66,3.02,0.13
1,23.64,2.55,0.11
1,24.52,2.77,0.11
1,23.66,2.62,0.11
1,24.64,2.76,0.11
1,24.0,2.69,0.11
1,23.68,2.63,0.11
1,23.52,2.41,0.1
1,24.6,2.66,0.11
1,24.63,3.08,0.12
1,23.83,2.93,0.12
1,23.56,3.15,0.13
1,24.23,2.72,0.11
1,23.71,2.96,0.12
1,24.25,2.74,0.11
1,25.0,2.76,0.11
1,25.08,2.67,0.11
1,25.19,2.9,0.12
1,24.75,2.67,0.11
1,23.7,2.93,0.12
1,23.14,2.43,0.1
1,24.33,2.85,0.12
1,24.37,2.51,0.1
1,25.36,2.82,0.11
1,24.44,2.72,0.11
1,25.15,2.66,0.11
1,24.74,2.09,0.08
1,24.59,2.49,0.1
1,23.49,2.33,0.1
1,23.33,3.15,0.13
1,23.98,3.16,0.13
1,24.98,2.86,0.11
1,23.42,2.44,0.1
1,23.46,2.87,0.12
1,24.89,2.77,0.11
1,25.16,3.0,0.12
1,24.75,2.93,0.12
1,24.74,2.84,0.11
1,24.54,3.43,0.14
1,24.56,2.67,0.11
1,24.66,2.91,0.12
1,24.36,2.85,0.12
1,24.36,2.88,0.12
1,24.41,2.62,0.11
1,24.97,2.63,0.11
1,23.3,2.46,0.11
1,25.28,3.02,0.12
1,23.87,2.72,0.11
1,23.65,2.74,0.12
1,25.64,2.83,0.11
1,24.98,2.52,0.1
1,22.69,2.76,0.12
1,23.51,2.88,0.12
1,24.1,2.71,0.11
1,23.51,2.3,0.1
1,23.46,2.64,0.11
1,24.11,2.94,0.12
1,25.47,2.94,0.12
1,25.44,2.48,0.1
1,24.46,2.83,0.12
1,23.78,2.71,0.11
1,24.5,2.67,0.11
1,23.74,2.75,0.12
1,24.62,3.15,0.13
1,23.05,2.86,0.12
1,24.21,2.95,0.12
1,24.2,2.57,0.11
1,24.97,2.53,0.1
1,23.83,3.03,0.13
1,25.1,2.86,0.11
1,24.56,2.49,0.1
1,24.0,3.07,0.13
1,25.32,2.92,0.12
1,25.48,2.52,0.1
1,23.58,2.58,0.11
1,24.68,2.58,0.1
1,25.05,3.14,0.13
1,24.09,2.82,0.12
1,25.47,2.76,0.11
1,24.55,2.35,0.1
1,25.46,3.36,0.13
1,24.75,2.32,0.09
1,24.74,2.93,0.12
1,23.92,2.97,0.12
1,24.17,2.76,0.11
1,23.47,2.93,0.13
1,24.37,2.74,0.11
1,23.93,2.86,0.12
1,25.68,2.79,0.11
1,24.86,2.85,0.11
1,24.58,2.67,0.11
1,25.59,2.95,0.12
1,24.52,3.18,0.13
1,24.24,2.64,0.11
1,24.63,3.1,0.13
1,24.87,2.74,0.11
1,24.09,2.85,0.12
1,24.16,2.63,0.11
1,24.54,2.77,0.11
1,25.14,2.6,0.1
1,24.72,3.17,0.13
1,23.91,2.56,0.11
1,24.28,2.98,0.12
1,24.29,2.59,0.11
1,24.53,2.65,0.11
1,24.7,2.97,0.12
1,24.86,2.46,0.1
1,24.3,3.16,0.13
1,23.85,2.94,0.12
1,24.71,2.89,0.12
1,24.34,2.77,0.11
1,24.54,2.36,0.1
1,23.9,2.57,0.11
1,24.64,2.98,0.12
1,23.98,3.3,0.14
1,24.0,3.17,0.13
1,24.15,3.12,0.13
1,24.21,2.49,0.1
1,25.17,2.6,0.1
1,24.58,2.51,0.1
1,24.96,2.48,0.1
1,24.22,2.51,0.1
1,25.15,2.82,0.11
1,24.1,2.62,0.11
1,24.23,2.86,0.12
1,24.47,2.9,0.12
1,24.99,2.81,0.11
1,24.1,2.69,0.11
1,23.94,3.02,0.13
1,24.04,3.03,0.13
1,24.82,2.97,0.12
1,25.04,2.68,0.11
1,24.55,2.92,0.12
1,24.62,2.68,0.11
1,24.55,2.77,0.11
1,24.63,2.38,0.1
1,25.62,2.6,0.1
1,24.98,2.72,0.11
1,23.14,2.55,0.11
1,24.1,2.43,0.1
1,24.8,2.46,0.1
1,24.24,2.89,0.12
1,23.79,2.77,0.12
1,24.29,2.4,0.1
1,25.01,2.6,0.1
1,24.5,2.97,0.12
1,25.24,3.15,0.12
1,24.69,2.27,0.09
1,24.38,2.71,0.11
1,23.83,3.02,0.13
1,23.52,3.21,0.14
1,24.81,2.58,0.1
1,23.85,2.49,0.1
1,25.04,2.71,0.11
1,23.41,2.98,0.13
1,24.9,2.68,0.11
1,23.48,2.74,0.12
1,24.69,2.82,0.11
1,24.42,2.6,0.11
1,25.49,2.69,0.11
1,24.03,2.69,0.11
1,25.02,2.64,0.11
1,25.4,2.94,0.12
1,24.43,2.88,0.12
1,24.58,2.23,0.09
1,23.34,2.69,0.12
1,24.97,2.61,0.1
1,23.57,3.2,0.14
1,24.1,2.61,0.11
1,22.98,3.27,0.14
1,24.51,2.74,0.11
1,24.16,2.73,0.11
1,24.71,3.02,0.12
1,25.42,2.88,0.11
1,24.14,2.51,0.1
1,25.76,3.02,0.12
1,23.8,2.5,0.11
1,24.14,2.85,0.12
1,24.59,3.07,0.12
1,25.06,2.9,0.12
1,24.99,2.67,0.11
1,23.92,2.87,0.12
1,24.76,2.86,0.12
1,23.3,2.64,0.11
1,23.97,2.65,0.11
1,24.17,3.01,0.12
1,23.18,2.92,0.13
1,25.02,3.04,0.12
1,24.65,2.82,0.11
1,24.3,2.99,0.12
1,23.99,2.54,0.11
1,24.41,2.96,0.12
1,25.25,2.9,0.11
1,24.76,3.01,0.12
1,24.05,2.3,0.1
1,24.6,2.52,0.1
1,25.53,2.15,0.08
1,23.58,3.0,0.13
1,23.31,3.17,0.14
1,23.15,3.23,0.14
1,24.03,2.94,0.12
1,24.02,2.38,0.1
1,24.39,3.09,0.13
1,23.57,2.84,0.12
1,24.68,2.5,0.1
1,23.6,2.6,0.11
1,23.64,2.74,0.12
1,22.73,2.71,0.12
1,23.72,2.62,0.11
1,25.4,2.46,0.1
1,24.45,3.07,0.13
1,24.08,2.87,0.12
1,24.43,2.62,0.11
1,24.66,2.88,0.12
1,24.65,2.62,0.11
1,24.1,2.69,0.11
1,25.58,2.57,0.1
1,24.12,2.47,0.1
1,25.28,2.78,0.11
1,24.04,2.73,0.11
1,24.06,3.07,0.13
1,23.22,2.45,0.11
1,23.69,2.27,0.1
1,24.71,2.54,0.1
1,22.62,2.37,0.1
1,25.32,2.85,0.11
1,24.33,2.67,0.11
1,24.88,2.91,0.12
1,24.09,2.2,0.09
1,24.58,2.58,0.11
1,23.45,2.94,0.13
1,22.86,2.73,0.12
1,24.63,2.7,0.11
1,23.35,2.33,0.1
1,25.58,3.12,0.12
1,23.84,2.99,0.13
1,24.66,2.54,0.1
1,24.75,2.57,0.1
1,24.08,2.6,0.11
1,24.62,2.52,0.1
1,24.95,2.8,0.11
1,23.73,2.3,0.1
1,25.11,2.47,0.1
1,24.76,2.75,0.11
1,24.78,2.51,0.1
1,25.25,2.72,0.11
1,23.62,2.72,0.12
1,24.69,2.42,0.1
1,23.94,2.82,0.12
1,24.85,3.55,0.14
1,23.77,2.71,0.11
1,24.13,2.75,0.11
1,23.95,2.41,0.1
1,24.36,3.15,0.13
1,24.19,2.52,0.1
1,25.02,3.0,0.12
1,24.53,2.44,0.1
1,25.36,3.04,0.12
1,25.4,2.94,0.12
1,24.2,2.65,0.11
1,23.33,3.0,0.13
1,24.05,2.64,0.11
1,23.86,2.5,0.1
1,25.43,2.99,0.12
1,23.6,2.42,0.1
1,24.73,2.95,0.12
1,23.96,2.52,0.11
1,24.28,2.48,0.1
1,24.64,2.66,0.11
1,24.24,2.19,0.09
1,23.3,2.74,0.12
1,24.85,2.81,0.11
1,25.4,2.69,0.11
1,24.25,2.61,0.11
1,24.75,3.0,0.12
1,25.57,2.29,0.09
1,23.94,2.92,0.12
1,24.73,2.9,0.12
1,23.85,2.76,0.12
1,24.04,2.47,0.1
1,24.55,2.78,0.11
1,22.79,3.13,0.14
1,22.86,2.65,0.12
1,24.24,2.45,0.1
1,24.12,2.83,0.12
1,24.67,2.87,0.12
1,24.82,2.92,0.12
1,23.92,2.47,0.1
1,23.81,2.92,0.12
1,24.22,2.97,0.12
1,23.94,2.66,0.11
1,24.34,2.85,0.12
1,24.41,2.88,0.12
1,23.86,2.86,0.12
1,24.46,2.67,0.11
1,24.13,2.83,0.12
1,22.97,3.23,0.14
1,24.04,2.47,0.1
1,24.62,2.33,0.09
1,25.16,3.04,0.12
1,24.33,2.37,0.1
1,23.05,2.52,0.11
1,24.83,2.89,0.12
1,23.89,2.6,0.11
1,25.0,2.05,0.08
1,23.67,2.42,0.1
1,24.65,2.58,0.1
1,25.72,2.82,0.11
1,24.53,2.51,0.1
1,25.05,2.63,0.1
1,25.13,2.34,0.09
1,23.2,2.73,0.12
1,23.97,3.14,0.13
1,23.29,3.0,0.13
1,23.61,3.06,0.13
1,23.76,2.72,0.11
1,24.87,2.48,0.1
1,23.57,2.71,0.11
1,23.78,2.82,0.12
1,24.53,2.88,0.12
1,24.49,2.75,0.11
1,24.68,2.65,0.11
1,23.86,2.7,0.11
1,24.51,2.88,0.12
1,24.09,2.94,0.12
1,24.25,2.48,0.1
1,23.76,2.45,0.1
1,23.87,2.43,0.1
1,24.81,2.67,0.11
1,23.53,2.61,0.11
1,24.58,3.05,0.12
1,24.54,2.88,0.12
1,24.2,2.57,0.11
1,24.33,2.98,0.12
1,24.56,2.33,0.1
1,25.02,2.74,0.11
1,23.64,3.15,0.13
1,23.38,2.59,0.11
1,24.83,2.61,0.11
1,24.37,3.1,0.13
1,24.45,2.88,0.12
1,24.05,2.82,0.12
1,23.69,2.46,0.1
1,25.1,2.77,0.11
1,24.73,2.6,0.11
1,24.54,2.63,0.11
1,24.01,3.05,0.13
1,24.27,2.33,0.1
1,22.92,2.33,0.1
1,23.72,2.62,0.11
1,24.56,3.29,0.13
1,23.54,2.66,0.11
1,24.89,2.81,0.11
1,24.02,2.47,0.1
1,24.28,2.98,0.12
1,23.79,3.17,0.13
1,25.0,2.81,0.11
1,24.28,2.73,0.11
1,23.26,2.5,0.11
1,24.61,2.59,0.11
1,24.86,2.45,0.1
1,24.49,2.97,0.12
1,25.42,3.05,0.12
1,24.71,3.58,0.14
1,25.17,2.38,0.09
1,23.75,2.4,0.1
1,24.71,2.74,0.11
2,20.07,3.18,0.16
2,17.21,3.23,0.19
2,16.82,3.08,0.18
2,17.72,3.18,0.18
2,21.43,3.3,0.15
2,19.14,3.26,0.17
2,17.48,3.17,0.18
2,18.36,3.24,0.18
2,20.0,3.21,0.16
2,19.66,3.16,0.16
2,18.05,3.2,0.18
2,21.6,3.34,0.15
2,17.05,3.23,0.19
2,20.59,3.32,0.16
2,17.46,3.15,0.18
2,17.96,3.17,0.18
2,17.74,3.18,0.18
2,21.29,3.32,0.16
2,18.79,3.26,0.17
2,17.55,3.18,0.18
2,17.94,3.14,0.17
2,18.53,3.18,0.17
2,18.22,3.22,0.18
2,16.7,3.07,0.18
2,18.5,3.15,0.17
2,20.17,3.25,0.16
2,20.47,3.3,0.16
2,16.91,3.15,0.19
2,18.5,3.18,0.17
2,19.97,3.23,0.16
2,19.18,3.2,0.17
2,20.08,3.32,0.17
2,18.05,3.2,0.18
2,19.82,3.27,0.16
2,17.83,3.1,0.17
2,17.35,3.21,0.18
2,15.94,3.12,0.2
2,17.36,3.18,0.18
2,18.32,3.32,0.18
2,19.0,3.29,0.17
2,17.21,3.16,0.18
2,21.31,3.31,0.16
2,18.46,3.14,0.17
2,16.71,3.12,0.19
2,19.5,3.22,0.17
2,17.51,3.12,0.18
2,17.31,3.18,0.18
2,20.82,3.3,0.16
2,20.32,3.29,0.16
2,18.05,3.16,0.18
2,19.74,3.19,0.16
2,21.42,3.43,0.16
2,17.23,3.13,0.18
2,20.17,3.35,0.17
2,19.05,3.15,0.17
2,18.16,3.1,0.17
2,18.03,3.2,0.18
2,18.16,3.2,0.18
2,18.21,3.21,0.18
2,20.48,3.36,0.16
2,16.31,3.14,0.19
2,19.19,3.16,0.16
2,19.91,3.15,0.16
2,17.68,3.16,0.18
2,16.53,3.18,0.19
2,18.64,3.14,0.17
2,19.56,3.32,0.17
2,17.58,3.18,0.18
2,17.84,3.21,0.18
2,19.36,3.18,0.16
2,17.86,3.26,0.18
2,18.72,3.19,0.17
2,19.0,3.18,0.17
2,19.55,3.19,0.16
2,19.06,3.26,0.17
2,17.56,3.19,0.18
2,18.0,3.25,0.18
2,16.99,3.2,0.19
2,16.9,3.14,0.19
2,19.3,3.32,0.17
2,20.22,3.22,0.16
2,19.16,3.32,0.17
2,18.62,3.2,0.17
2,18.63,3.11,0.17
2,18.53,3.3,0.18
2,19.83,3.36,0.17
2,18.25,3.23,0.18
2,17.94,3.2,0.18
2,17.37,3.17,0.18
2,18.2,3.16,0.17
2,18.02,3.22,0.18
2,18.67,3.18,0.17
2,17.44,3.07,0.18
2,20.86,3.23,0.15
2,18.16,3.27,0.18
2,19.39,3.22,0.17
2,18.89,3.23,0.17
2,20.8,3.24,0.16
2,16.52,3.17,0.19
2,18.11,3.14,0.17
2,17.38,3.13,0.18
2,17.98,3.17,0.18
2,19.39,3.24,0.17
2,16.25,3.17,0.19
2,18.39,3.25,0.18
2,16.98,3.11,0.18
2,17.82,3.02,0.17
2,17.95,3.22,0.18
2,18.71,3.13,0.17
2,18.35,3.16,0.17
2,19.04,3.2,0.17
2,17.02,3.21,0.19
2,16.65,3.06,0.18
2,17.78,3.18,0.18
2,21.24,3.31,0.16
2,18.34,3.11,0.17
2,19.08,3.3,0.17
2,21.08,3.24,0.15
2,19.28,3.26,0.17
2,18.2,3.24,0.18
2,20.21,3.29,0.16
2,18.48,3.19,0.17
2,20.13,3.24,0.16
2,17.6,3.22,0.18
2,17.86,3.18,0.18
2,16.82,3.06,0.18
2,16.42,3.09,0.19
2,17.87,3.21,0.18
2,18.88,3.21,0.17
2,18.98,3.28,0.17
2,18.65,3.2,0.17
2,20.07,3.24,0.16
2,19.01,3.14,0.17
2,21.36,3.34,0.16
2,18.15,3.29,0.18
2,18.69,3.3,0.18
2,18.27,3.15,0.17
2,16.96,3.06,0.18
2,16.31,3.08,0.19
2,18.22,3.16,0.17
2,20.22,3.16,0.16
2,17.42,3.08,0.18
2,19.11,3.27,0.17
2,18.66,3.06,0.16
2,19.3,3.3,0.17
2,16.39,3.17,0.19
2,19.55,3.2,0.16
2,19.47,3.23,0.17
2,17.41,3.11,0.18
2,18.59,3.22,0.17
2,17.89,3.19,0.18
2,19.68,3.17,0.16
2,19.43,3.26,0.17
2,19.26,3.14,0.16
2,19.72,3.31,0.17
2,18.7,3.15,0.17
2,17.38,3.17,0.18
2,17.39,3.11,0.18
2,18.17,3.12,0.17
2,19.14,3.32,0.17
2,16.77,3.15,0.19
2,19.17,3.26,0.17
2,18.17,3.2,0.18
2,17.78,3.19,0.18
2,17.39,3.21,0.18
2,20.39,3.41,0.17
2,17.65,3.16,0.18
2,16.92,3.17,0.19
2,18.08,3.11,0.17
2,20.27,3.36,0.17
2,17.0,3.12,0.18
2,18.02,3.2,0.18
2,20.38,3.25,0.16
2,17.56,3.18,0.18
2,17.89,3.16,0.18
2,18.57,3.28,0.18
2,17.26,3.16,0.18
2,19.83,3.23,0.16
2,21.24,3.16,0.15
2,19.1,3.19,0.17
2,17.31,3.12,0.18
2,17.25,3.26,0.19
2,19.42,3.18,0.16
2,18.14,3.15,0.17
2,20.93,3.33,0.16
2,18.68,3.23,0.17
2,18.96,3.31,0.17
2,20.29,3.25,0.16
2,18.3,3.18,0.17
2,19.49,3.19,0.16
2,18.42,3.16,0.17
2,18.1,3.18,0.18
2,17.84,3.17,0.18
2,20.58,3.19,0.16
2,19.03,3.2,0.17
2,19.65,3.24,0.16
2,17.67,3.12,0.18
2,16.85,3.1,0.18
2,18.73,3.21,0.17
2,16.19,3.13,0.19
2,17.69,3.18,0.18
2,20.96,3.4,0.16
2,18.2,3.15,0.17
2,16.5,3.17,0.19
2,17.13,3.21,0.19
2,19.71,3.21,0.16
2,18.09,3.26,0.18
2,19.02,3.2,0.17
2,20.83,3.19,0.15
2,20.54,3.35,0.16
2,17.62,3.18,0.18
2,18.67,3.27,0.18
2,18.05,3.21,0.18
2,17.02,3.08,0.18
2,16.54,3.09,0.19
2,17.87,3.25,0.18
2,17.93,3.15,0.18
2,20.11,3.25,0.16
2,17.87,3.11,0.17
2,21.95,3.35,0.15
2,16.99,3.07,0.18
2,18.64,3.24,0.17
2,16.96,3.14,0.19
2,18.29,3.17,0.17
2,16.64,3.11,0.19
2,17.94,3.14,0.18
2,20.08,3.21,0.16
2,20.04,3.21,0.16
2,17.15,3.17,0.18
2,20.39,3.14,0.15
2,18.58,3.23,0.17
2,16.61,3.17,0.19
2,20.0,3.12,0.16
2,20.69,3.21,0.16
2,19.02,3.33,0.18
2,17.44,3.2,0.18
2,18.32,3.24,0.18
2,18.85,3.15,0.17
2,17.58,3.18,0.18
2,19.55,3.26,0.17
2,19.94,3.19,0.16
2,18.75,3.26,0.17
2,16.73,3.14,0.19
2,16.85,3.18,0.19
2,17.98,3.21,0.18
2,17.97,3.18,0.18
2,20.82,3.37,0.16
2,20.55,3.21,0.16
2,20.43,3.31,0.16
2,18.97,3.31,0.17
2,20.2,3.24,0.16
2,19.5,3.31,0.17
2,18.11,3.23,0.18
2,17.98,3.2,0.18
2,17.48,3.14,0.18
2,19.24,3.27,0.17
2,19.08,3.19,0.17
2,17.35,3.14,0.18
2,17.03,3.21,0.19
2,16.68,3.11,0.19
2,17.78,3.2,0.18
2,19.32,3.2,0.17
2,19.99,3.18,0.16
2,17.72,3.03,0.17
2,17.33,3.19,0.18
2,16.73,3.18,0.19
2,17.74,3.16,0.18
2,17.77,3.16,0.18
2,18.46,3.16,0.17
2,18.26,3.22,0.18
2,16.65,3.08,0.18
2,18.98,3.23,0.17
2,18.39,3.18,0.17
2,16.91,3.1,0.18
2,21.79,3.27,0.15
2,18.5,3.19,0.17
2,17.8,3.09,0.17
2,20.47,3.13,0.15
2,18.91,3.2,0.17
2,20.18,3.29,0.16
2,18.23,3.24,0.18
2,17.88,3.18,0.18
2,16.72,3.04,0.18
2,19.63,3.32,0.17
2,17.39,3.1,0.18
2,19.56,3.23,0.17
2,17.32,3.16,0.18
2,19.38,3.2,0.17
2,19.88,3.31,0.17
2,18.09,3.16,0.17
2,17.68,3.13,0.18
2,20.45,3.3,0.16
2,18.25,3.15,0.17
2,19.33,3.16,0.16
2,19.52,3.26,0.17
2,17.32,3.2,0.18
2,19.08,3.21,0.17
2,18.07,3.14,0.17
2,17.63,3.16,0.18
2,18.95,3.21,0.17
2,18.4,3.2,0.17
2,20.18,3.22,0.16
2,19.63,3.22,0.16
2,17.11,3.11,0.18
2,17.5,3.13,0.18
2,17.69,3.27,0.18
2,18.16,3.16,0.17
2,19.26,3.19,0.17
2,18.83,3.16,0.17
2,19.28,3.21,0.17
2,21.33,3.16,0.15
2,18.53,3.2,0.17
2,16.45,3.13,0.19
2,19.16,3.08,0.16
2,18.19,3.19,0.18
2,20.08,3.21,0.16
2,18.4,3.18,0.17
2,19.42,3.26,0.17
2,20.1,3.33,0.17
2,19.08,3.22,0.17
2,17.13,3.23,0.19
2,17.65,3.17,0.18
2,18.22,3.07,0.17
2,20.15,3.29,0.16
2,20.94,3.35,0.16
2,18.32,3.21,0.18
2,17.57,3.26,0.19
2,19.08,3.2,0.17
2,17.26,3.15,0.18
2,19.94,3.25,0.16
2,17.48,3.15,0.18
2,17.45,3.21,0.18
2,17.47,3.15,0.18
2,15.72,3.07,0.2
2,18.07,3.23,0.18
2,17.6,3.04,0.17
2,20.14,3.17,0.16
2,18.07,3.22,0.18
2,19.8,3.26,0.16
2,17.56,3.2,0.18
2,19.79,3.23,0.16
2,20.04,3.23,0.16
2,16.69,3.19,0.19
2,20.79,3.29,0.16
2,17.93,3.19,0.18
2,17.71,3.09,0.17
2,18.59,3.28,0.18
2,18.08,3.21,0.18
2,18.66,3.21,0.17
2,17.55,3.16,0.18
2,18.64,3.24,0.17
2,16.32,3.17,0.19
2,20.06,3.31,0.17
2,19.13,3.22,0.17
2,18.94,3.22,0.17
2,18.84,3.12,0.17
2,19.06,3.31,0.17
2,16.61,3.12,0.19
2,20.48,3.25,0.16
2,20.46,3.26,0.16
2,17.97,3.19,0.18
2,19.91,3.26,0.16
2,17.84,3.16,0.18
2,20.82,3.28,0.16
2,17.84,3.14,0.18
2,17.98,3.17,0.18
2,18.51,3.19,0.17
2,18.64,3.2,0.17
2,18.24,3.16,0.17
2,16.74,3.09,0.18
2,18.46,3.13,0.17
2,18.42,3.16,0.17
2,18.07,3.27,0.18
2,18.1,3.18,0.18
2,16.67,3.21,0.19
2,17.02,3.12,0.18
2,16.77,3.09,0.18
2,20.43,3.25,0.16
2,18.19,3.12,0.17
2,17.09,3.29,0.19
2,19.54,3.19,0.16
2,16.64,3.13,0.19
2,19.14,3.12,0.16
2,16.28,3.1,0.19
2,19.89,3.16,0.16
2,18.38,3.16,0.17
2,17.99,3.07,0.17
2,19.9,3.25,0.16
2,18.14,3.25,0.18
2,18.19,3.23,0.18
2,17.7,3.21,0.18
2,17.51,3.14,0.18
2,21.02,3.35,0.16
2,19.88,3.29,0.17
2,18.89,3.17,0.17
2,19.27,3.22,0.17
2,17.4,3.1,0.18
2,18.38,3.18,0.17
2,17.32,3.24,0.19
2,17.31,3.11,0.18
2,17.09,3.14,0.18
2,17.12,3.16,0.18
2,18.28,3.22,0.18
2,20.89,3.36,0.16
2,18.16,3.12,0.17
2,16.81,3.13,0.19
2,17.93,3.19,0.18
2,19.33,3.17,0.16
2,17.74,3.24,0.18
2,19.27,3.17,0.16
2,19.75,3.21,0.16
2,18.43,3.16,0.17
2,17.54,3.19,0.18
2,18.43,3.19,0.17
2,16.57,3.11,0.19
2,17.23,3.09,0.18
2,17.77,3.09,0.17
2,19.72,3.21,0.16
2,19.41,3.24,0.17
2,16.55,3.16,0.19
2,19.54,3.24,0.17
2,20.13,3.38,0.17
2,17.27,3.17,0.18
2,19.12,3.17,0.17
2,19.08,3.22,0.17
2,20.39,3.37,0.17
2,18.24,3.13,0.17
2,18.18,3.13,0.17
2,20.54,3.28,0.16
2,17.0,3.13,0.18
2,19.57,3.22,0.16
2,17.11,3.21,0.19
2,19.27,3.24,0.17
2,18.87,3.32,0.18
2,17.54,3.14,0.18
2,17.15,3.14,0.18
2,18.59,3.15,0.17
2,17.65,3.17,0.18
2,18.14,3.08,0.17
2,20.32,3.28,0.16
2,16.99,3.07,0.18
2,17.11,3.2,0.19
2,18.52,3.2,0.17
2,19.44,3.24,0.17
2,19.27,3.18,0.17
2,17.97,3.24,0.18
2,19.12,3.17,0.17
2,18.31,3.2,0.17
2,19.58,3.31,0.17
2,18.46,3.24,0.18
2,21.71,3.22,0.15
2,18.7,3.14,0.17
2,18.12,3.22,0.18
2,17.04,3.12,0.18
2,17.72,3.12,0.18
2,18.27,3.22,0.18
2,17.91,3.07,0.17
2,19.62,3.41,0.17
2,20.96,3.27,0.16
2,21.31,3.19,0.15
2,18.05,3.17,0.18
2,20.32,3.26,0.16
2,16.48,3.21,0.19
2,18.09,3.13,0.17
2,21.06,3.31,0.16
2,19.96,3.24,0.16
2,17.39,3.14,0.18
2,21.35,3.2,0.15
3,22.82,3.84,0.17
3,21.98,3.94,0.18
3,21.55,3.96,0.18
3,19.22,3.72,0.19
3,19.91,3.97,0.2
3,23.21,3.88,0.17
3,19.77,3.75,0.19
3,21.56,3.93,0.18
3,21.8,3.8,0.17
3,21.57,3.88,0.18
3,21.08,4.07,0.19
3,22.8,3.85,0.17
3,22.61,3.84,0.17
3,21.82,3.9,0.18
3,22.34,3.81,0.17
3,22.63,3.97,0.18
3,21.63,4.07,0.19
3,22.81,3.63,0.16
3,21.53,3.77,0.18
3,23.12,3.83,0.17
3,23.5,3.84,0.16
3,20.54,3.91,0.19
3,21.31,3.78,0.18
3,22.63,3.82,0.17
3,22.62,4.2,0.19
3,21.09,3.72,0.18
3,19.32,3.93,0.2
3,20.36,3.63,0.18
3,19.26,3.77,0.2
3,23.31,3.91,0.17
3,23.7,4.05,0.17
3,20.42,3.78,0.19
3,21.88,3.85,0.18
3,21.29,3.95,0.19
3,20.88,3.89,0.19
3,18.64,3.97,0.21
3,22.98,3.83,0.17
3,23.32,3.92,0.17
3,20.06,3.81,0.19
3,23.42,3.83,0.16
3,20.34,3.76,0.18
3,20.44,3.96,0.19
3,20.69,3.69,0.18
3,20.98,3.69,0.18
3,19.5,3.68,0.19
3,23.9,4.24,0.18
3,22.21,3.77,0.17
3,24.02,3.75,0.16
3,23.31,4.1,0.18
3,21.4,3.79,0.18
3,20.38,3.69,0.18
3,20.77,3.73,0.18
3,22.01,3.9,0.18
3,20.14,3.77,0.19
3,23.01,3.65,0.16
3,21.71,3.75,0.17
3,21.86,3.88,0.18
3,23.15,4.05,0.17
3,20.81,3.81,0.18
3,23.59,3.75,0.16
3,23.01,4.02,0.17
3,20.98,3.85,0.18
3,22.14,4.09,0.18
3,23.64,4.11,0.17
3,20.92,3.84,0.18
3,21.48,3.77,0.18
3,24.19,4.03,0.17
3,20.65,3.57,0.17
3,22.23,3.86,0.17
3,22.13,3.9,0.18
3,22.15,3.68,0.17
3,23.27,3.68,0.16
3,20.68,3.78,0.18
3,22.91,3.89,0.17
3,20.66,4.06,0.2
3,22.62,4.02,0.18
3,19.6,3.88,0.2
3,20.85,3.8,0.18
3,20.22,3.8,0.19
3,19.33,3.87,0.2
3,23.45,3.71,0.16
3,21.84,3.84,0.18
3,22.51,3.98,0.18
3,23.53,4.02,0.17
3,20.91,3.89,0.19
3,22.91,3.67,0.16
3,22.58,3.84,0.17
3,23.12,3.8,0.16
3,22.76,4.1,0.18
3,22.91,3.85,0.17
3,20.21,3.64,0.18
3,22.62,3.51,0.16
3,23.23,3.9,0.17
3,22.68,3.92,0.17
3,22.63,3.95,0.17
3,22.03,3.87,0.18
3,19.64,3.9,0.2
3,23.2,3.75,0.16
3,19.97,3.82,0.19
3,22.56,3.94,0.17
3,22.32,3.87,0.17
3,18.64,3.53,0.19
3,20.27,3.86,0.19
3,20.48,3.93,0.19
3,19.89,3.86,0.19
3,19.79,3.82,0.19
3,19.77,3.61,0.18
3,22.55,3.97,0.18
3,21.44,3.54,0.17
3,22.11,3.77,0.17
3,20.57,3.92,0.19
3,19.43,3.58,0.18
3,22.77,3.77,0.17
3,22.09,3.81,0.17
3,20.25,3.82,0.19
3,22.45,4.03,0.18
3,22.16,3.91,0.18
3,24.04,3.76,0.16
3,20.91,3.86,0.18
3,20.06,3.73,0.19
3,23.53,3.83,0.16
3,21.33,3.89,0.18
3,20.55,3.8,0.18
3,20.15,3.85,0.19
3,21.73,3.83,0.18
3,22.6,3.87,0.17
3,22.4,3.88,0.17
3,23.55,3.75,0.16
3,21.91,3.8,0.17
3,21.65,3.68,0.17
3,22.85,3.93,0.17
3,22.73,3.85,0.17
3,22.76,3.66,0.16
3,22.02,3.85,0.17
3,23.56,3.89,0.16
3,19.58,3.87,0.2
3,23.25,4.08,0.18
3,22.91,3.97,0.17
3,21.48,4.02,0.19
3,22.52,3.9,0.17
3,22.49,3.81,0.17
3,23.07,3.93,0.17
3,23.44,3.88,0.17
3,22.01,3.92,0.18
3,23.89,3.83,0.16
3,22.15,3.94,0.18
3,22.43,3.76,0.17
3,21.98,3.84,0.17
3,19.65,3.93,0.2
3,22.45,3.75,0.17
3,20.46,3.9,0.19
3,20.69,3.76,0.18
3,21.08,3.89,0.18
3,22.35,3.7,0.17
3,21.1,3.88,0.18
3,18.94,3.87,0.2
3,22.52,3.94,0.18
3,23.53,3.79,0.16
3,23.04,3.95,0.17
3,19.78,3.7,0.19
3,20.27,3.87,0.19
3,22.88,3.93,0.17
3,22.47,3.97,0.18
3,22.94,4.04,0.18
3,22.6,3.79,0.17
3,21.39,3.79,0.18
3,19.62,3.74,0.19
3,20.65,3.91,0.19
3,23.07,3.87,0.17
3,23.79,3.9,0.16
3,20.45,3.75,0.18
3,21.47,3.82,0.18
3,21.34,3.77,0.18
3,21.23,3.65,0.17
3,23.44,3.97,0.17
3,22.19,3.94,0.18
3,19.9,3.79,0.19
3,23.52,3.91,0.17
3,19.54,3.85,0.2
3,22.48,3.71,0.17
3,20.81,4.03,0.19
3,21.52,3.78,0.18
3,20.65,3.66,0.18
3,20.49,3.79,0.18
3,21.15,4.11,0.19
3,20.27,3.68,0.18
3,21.74,4.08,0.19
3,23.09,3.75,0.16
3,22.93,3.9,0.17
3,23.08,3.88,0.17
3,21.74,3.79,0.17
3,21.4,3.76,0.18
3,20.28,3.76,0.19
3,22.22,3.75,0.17
3,20.09,3.93,0.2
3,22.12,3.86,0.17
3,23.6,3.64,0.15
3,22.77,3.97,0.17
3,18.66,3.78,0.2
3,21.71,3.98,0.18
3,23.22,3.72,0.16
3,20.61,3.77,0.18
3,22.77,4.03,0.18
3,22.49,3.89,0.17
3,22.82,3.94,0.17
3,22.53,3.76,0.17
3,19.75,3.63,0.18
3,22.41,3.88,0.17
3,21.23,3.53,0.17
3,20.53,3.83,0.19
3,20.16,3.98,0.2
3,20.25,3.75,0.19
3,21.76,3.77,0.17
3,20.32,3.64,0.18
3,23.74,3.89,0.16
3,19.33,3.88,0.2
3,20.83,3.98,0.19
3,19.62,3.83,0.2
3,23.48,3.7,0.16
3,22.41,3.86,0.17
3,23.8,3.74,0.16
3,23.1,3.95,0.17
3,19.07,3.78,0.2
3,19.94,3.8,0.19
3,21.11,4.04,0.19
3,20.54,3.87,0.19
3,22.56,4.04,0.18
3,19.76,3.83,0.19
3,23.78,3.99,0.17
3,21.1,3.77,0.18
3,22.8,3.85,0.17
3,22.95,3.77,0.16
3,23.5,3.87,0.16
3,23.09,3.92,0.17
3,20.6,4.05,0.2
3,22.81,4.0,0.18
3,21.98,3.91,0.18
3,20.27,3.82,0.19
3,20.0,3.82,0.19
3,22.3,3.87,0.17
3,22.6,3.79,0.17
3,23.12,3.87,0.17
3,23.33,3.81,0.16
3,21.48,3.96,0.18
3,23.32,3.47,0.15
3,22.46,3.94,0.18
3,20.83,4.08,0.2
3,21.74,3.93,0.18
3,22.07,3.72,0.17
3,23.97,3.93,0.16
3,18.77,3.67,0.2
3,20.62,3.89,0.19
3,20.43,3.75,0.18
3,22.19,4.07,0.18
3,22.3,3.91,0.18
3,23.29,3.92,0.17
3,21.42,3.85,0.18
3,22.96,4.01,0.17
3,21.45,3.8,0.18
3,23.41,3.86,0.16
3,20.08,3.97,0.2
3,18.97,3.82,0.2
3,22.7,3.67,0.16
3,21.71,3.88,0.18
3,23.46,3.97,0.17
3,23.58,3.87,0.16
3,23.1,3.91,0.17
3,20.8,3.76,0.18
3,22.51,3.86,0.17
3,19.33,3.77,0.2
3,22.3,4.05,0.18
3,19.89,3.87,0.19
3,22.5,3.92,0.17
3,20.73,3.72,0.18
3,20.36,4.14,0.2
3,23.82,3.8,0.16
3,22.19,3.88,0.17
3,21.64,3.92,0.18
3,19.73,3.63,0.18
3,24.35,4.14,0.17
3,24.09,3.66,0.15
3,21.38,3.66,0.17
3,20.67,3.83,0.19
3,22.62,3.79,0.17
3,22.73,3.83,0.17
3,19.65,3.83,0.19
3,22.92,4.12,0.18
3,23.16,3.7,0.16
3,22.32,3.78,0.17
3,22.54,3.78,0.17
3,21.27,3.96,0.19
3,20.14,3.55,0.18
3,22.55,4.04,0.18
3,22.77,4.05,0.18
3,22.72,3.68,0.16
3,22.44,3.9,0.17
3,22.35,3.84,0.17
3,23.94,3.84,0.16
3,19.21,3.65,0.19
3,22.43,3.89,0.17
3,23.62,3.94,0.17
3,22.69,3.97,0.17
3,24.3,3.99,0.16
3,20.14,3.9,0.19
3,22.08,3.85,0.17
3,22.16,3.84,0.17
3,22.75,3.76,0.17
3,23.93,3.68,0.15
3,22.51,3.93,0.17
3,22.57,3.69,0.16
3,22.23,3.84,0.17
3,22.02,3.85,0.17
3,23.82,4.03,0.17
3,22.61,3.92,0.17
3,22.76,3.86,0.17
3,20.68,3.74,0.18
3,20.8,3.87,0.19
3,23.2,3.85,0.17
3,22.12,3.83,0.17
3,22.15,3.94,0.18
3,22.15,3.79,0.17
3,21.52,3.72,0.17
3,22.95,3.86,0.17
3,19.67,3.92,0.2
3,21.49,3.9,0.18
3,22.93,3.87,0.17
3,20.14,3.72,0.18
3,23.17,3.92,0.17
3,19.87,3.75,0.19
3,19.98,3.91,0.2
3,22.07,3.57,0.16
3,22.63,3.95,0.17
3,23.23,4.06,0.17
3,20.43,3.86,0.19
3,21.32,3.66,0.17
3,23.27,3.78,0.16
3,21.5,3.83,0.18
3,20.96,3.89,0.19
3,22.29,3.76,0.17
3,21.56,3.81,0.18
3,22.98,3.66,0.16
3,22.22,3.98,0.18
3,21.45,3.89,0.18
3,20.56,3.75,0.18
3,23.33,3.68,0.16
3,22.07,3.7,0.17
3,19.2,3.76,0.2
3,21.8,3.93,0.18
3,23.53,3.63,0.15
3,22.6,3.83,0.17
3,23.33,3.86,0.17
3,20.73,3.84,0.19
3,21.22,3.92,0.18
3,22.9,3.88,0.17
3,21.92,3.94,0.18
3,22.88,4.1,0.18
3,22.04,3.95,0.18
3,21.89,3.69,0.17
3,20.67,3.87,0.19
3,22.02,3.78,0.17
3,23.58,3.67,0.16
3,19.36,3.83,0.2
3,20.87,3.78,0.18
3,24.31,3.65,0.15
3,22.85,4.06,0.18
3,22.2,3.79,0.17
3,21.05,4.01,0.19
3,20.08,3.84,0.19
3,19.43,3.85,0.2
3,19.38,3.87,0.2
3,20.41,3.91,0.19
3,22.49,3.85,0.17
3,23.14,3.96,0.17
3,22.81,3.87,0.17
3,21.44,3.96,0.18
3,20.63,3.85,0.19
3,19.97,3.79,0.19
3,20.59,3.65,0.18
3,23.3,3.89,0.17
3,21.78,3.78,0.17
3,19.29,3.76,0.19
3,19.45,3.92,0.2
3,19.28,3.72,0.19
3,22.06,3.8,0.17
3,22.58,3.88,0.17
3,23.68,4.02,0.17
3,23.67,3.87,0.16
3,21.44,3.74,0.17
3,19.19,3.77,0.2
3,22.02,3.87,0.18
3,22.42,4.01,0.18
3,23.19,3.84,0.17
3,22.81,3.67,0.16
3,20.64,3.91,0.19
3,22.7,3.93,0.17
3,22.92,3.74,0.16
3,21.79,4.0,0.18
3,20.38,3.91,0.19
3,21.52,3.9,0.18
3,19.12,3.71,0.19
3,20.42,3.91,0.19
3,23.32,3.91,0.17
3,19.31,3.75,0.19
3,21.6,3.82,0.18
3,23.52,3.78,0.16
3,22.71,3.85,0.17
3,22.87,3.95,0.17
3,23.04,3.87,0.17
3,20.51,3.88,0.19
3,23.25,3.97,0.17
3,23.21,4.21,0.18
3,22.88,3.9,0.17
3,20.54,3.82,0.19
3,20.62,3.89,0.19
3,22.48,3.7,0.16
3,22.2,3.83,0.17
3,21.46,3.75,0.17
3,22.25,3.76,0.17
3,22.97,3.7,0.16
3,22.37,3.94,0.18
3,23.61,3.85,0.16
3,21.27,4.08,0.19
3,23.12,3.94,0.17
3,21.55,3.83,0.18
3,21.69,4.02,0.19
3,21.18,3.87,0.18
3,23.4,4.03,0.17
3,19.35,3.78,0.2
3,22.15,3.95,0.18
3,20.43,3.75,0.18
3,21.83,3.95,0.18
3,19.84,3.77,0.19
3,24.12,3.51,0.15
3,23.99,4.09,0.17
3,22.77,3.98,0.17
4,9.61,4.55,0.47
4,9.16,4.61,0.5
4,8.09,4.56,0.56
4,9.89,4.61,0.47
4,10.31,4.57,0.44
4,11.03,4.61,0.42
4,9.07,4.62,0.51
4,9.37,4.59,0.49
4,10.71,4.56,0.43
4,10.58,4.65,0.44
4,11.53,4.64,0.4
4,11.84,4.64,0.39
4,9.76,4.56,0.47
4,8.27,4.53,0.55
4,9.82,4.6,0.47
4,9.55,4.59,0.48
4,8.33,4.58,0.55
4,9.82,4.61,0.47
4,9.47,4.62,0.49
4,9.04,4.58,0.51
4,7.92,4.54,0.57
4,10.33,4.59,0.44
4,9.58,4.6,0.48
4,11.62,4.61,0.4
4,9.59,4.6,0.48
4,11.33,4.58,0.4
4,12.01,4.63,0.39
4,8.36,4.53,0.54
4,9.62,4.6,0.48
4,9.35,4.59,0.49
4,11.72,4.6,0.39
4,10.75,4.6,0.43
4,10.07,4.6,0.46
4,9.29,4.6,0.5
4,11.33,4.63,0.41
4,8.73,4.56,0.52
4,8.04,4.57,0.57
4,11.99,4.66,0.39
4,8.78,4.57,0.52
4,10.29,4.63,0.45
4,9.56,4.6,0.48
4,10.9,4.59,0.42
4,7.36,4.57,0.62
4,8.39,4.56,0.54
4,10.34,4.56,0.44
4,11.13,4.59,0.41
4,7.48,4.54,0.61
4,10.38,4.52,0.44
4,7.53,4.56,0.61
4,9.0,4.6,0.51
4,8.86,4.52,0.51
4,12.01,4.61,0.38
4,10.79,4.57,0.42
4,7.99,4.57,0.57
4,10.64,4.62,0.43
4,10.28,4.57,0.44
4,10.53,4.6,0.44
4,8.36,4.55,0.54
4,7.6,4.58,0.6
4,9.81,4.55,0.46
4,9.85,4.59,0.47
4,7.83,4.57,0.58
4,7.83,4.55,0.58
4,10.11,4.56,0.45
4,8.98,4.5,0.5
4,9.55,4.59,0.48
4,10.78,4.61,0.43
4,8.82,4.57,0.52
4,8.38,4.54,0.54
4,8.93,4.53,0.51
4,9.12,4.57,0.5
4,10.1,4.64,0.46
4,8.51,4.6,0.54
4,8.83,4.56,0.52
4,7.49,4.54,0.61
4,12.21,4.64,0.38
4,8.82,4.59,0.52
4,8.04,4.54,0.57
4,10.68,4.66,0.44
4,9.31,4.56,0.49
4,8.02,4.54,0.57
4,7.57,4.51,0.6
4,8.23,4.58,0.56
4,9.87,4.61,0.47
4,9.13,4.56,0.5
4,9.34,4.61,0.49
4,12.59,4.62,0.37
4,10.55,4.63,0.44
4,8.27,4.54,0.55
4,8.99,4.59,0.51
4,8.91,4.62,0.52
4,9.78,4.61,0.47
4,10.66,4.62,0.43
4,10.33,4.61,0.45
4,11.96,4.63,0.39
4,10.63,4.59,0.43
4,9.23,4.55,0.49
4,10.75,4.62,0.43
4,9.45,4.6,0.49
4,10.92,4.58,0.42
4,10.39,4.62,0.45
4,9.49,4.6,0.48
4,8.02,4.56,0.57
4,9.38,4.59,0.49
4,8.52,4.59,0.54
4,10.32,4.63,0.45
4,7.25,4.54,0.63
4,9.99,4.58,0.46
4,8.23,4.57,0.56
4,8.56,4.57,0.53
4,7.21,4.54,0.63
4,8.53,4.6,0.54
4,8.79,4.6,0.52
4,8.23,4.61,0.56
4,10.27,4.63,0.45
4,9.07,4.58,0.5
4,9.58,4.56,0.48
4,10.6,4.65,0.44
4,7.39,4.55,0.62
4,10.95,4.62,0.42
4,8.53,4.58,0.54
4,9.86,4.59,0.47
4,10.58,4.62,0.44
4,8.94,4.58,0.51
4,11.49,4.64,0.4
4,7.96,4.58,0.58
4,8.89,4.56,0.51
4,8.17,4.6,0.56
4,11.85,4.62,0.39
4,8.81,4.6,0.52
4,10.13,4.57,0.45
4,8.6,4.56,0.53
4,11.06,4.61,0.42
4,9.59,4.59,0.48
4,9.84,4.59,0.47
4,8.97,4.58,0.51
4,7.9,4.56,0.58
4,9.13,4.58,0.5
4,9.26,4.63,0.5
4,9.82,4.57,0.47
4,9.26,4.6,0.5
4,8.51,4.57,0.54
4,8.24,4.59,0.56
4,9.17,4.55,0.5
4,10.64,4.61,0.43
4,7.82,4.56,0.58
4,8.71,4.55,0.52
4,9.89,4.6,0.47
4,11.87,4.62,0.39
4,8.3,4.54,0.55
4,9.04,4.58,0.51
4,9.75,4.59,0.47
4,9.72,4.56,0.47
4,10.48,4.61,0.44
4,7.83,4.52,0.58
4,8.04,4.55,0.57
4,9.9,4.58,0.46
4,9.21,4.6,0.5
4,9.76,4.63,0.47
4,11.36,4.6,0.41
4,8.14,4.55,0.56
4,9.98,4.55,0.46
4,10.25,4.57,0.45
4,12.44,4.59,0.37
4,8.03,4.55,0.57
4,11.85,4.62,0.39
4,10.85,4.63,0.43
4,7.79,4.54,0.58
4,7.63,4.57,0.6
4,7.82,4.59,0.59
4,9.47,4.58,0.48
4,9.45,4.59,0.49
4,10.41,4.57,0.44
4,10.38,4.62,0.44
4,11.25,4.64,0.41
4,9.69,4.6,0.48
4,8.44,4.58,0.54
4,8.14,4.56,0.56
4,11.64,4.64,0.4
4,8.13,4.57,0.56
4,8.7,4.59,0.53
4,8.28,4.55,0.55
4,8.37,4.58,0.55
4,9.6,4.55,0.47
4,8.73,4.59,0.53
4,9.74,4.62,0.47
4,11.6,4.57,0.39
4,11.64,4.6,0.4
4,9.21,4.61,0.5
4,7.99,4.51,0.56
4,9.56,4.56,0.48
4,7.1,4.52,0.64
4,7.87,4.52,0.57
4,9.64,4.6,0.48
4,10.64,4.61,0.43
4,7.54,4.56,0.6
4,7.78,4.58,0.59
4,9.97,4.56,0.46
4,8.28,4.58,0.55
4,12.17,4.57,0.38
4,9.2,4.57,0.5
4,9.22,4.56,0.49
4,11.5,4.64,0.4
4,9.2,4.59,0.5
4,10.86,4.61,0.42
4,9.37,4.56,0.49
4,11.74,4.68,0.4
4,10.19,4.6,0.45
4,9.48,4.58,0.48
4,9.41,4.56,0.48
4,7.41,4.53,0.61
4,10.49,4.6,0.44
4,9.32,4.51,0.48
4,8.79,4.57,0.52
4,8.43,4.6,0.55
4,9.5,4.63,0.49
4,10.36,4.6,0.44
4,9.67,4.58,0.47
4,10.64,4.62,0.43
4,8.37,4.53,0.54
4,12.13,4.63,0.38
4,9.9,4.62,0.47
4,10.25,4.56,0.44
4,9.66,4.61,0.48
4,10.72,4.59,0.43
4,8.64,4.59,0.53
4,9.66,4.57,0.47
4,10.29,4.61,0.45
4,10.1,4.62,0.46
4,8.89,4.55,0.51
4,8.98,4.56,0.51
4,8.57,4.54,0.53
4,8.18,4.54,0.56
4,8.74,4.53,0.52
4,9.67,4.59,0.47
4,10.31,4.54,0.44
4,10.36,4.59,0.44
4,11.51,4.56,0.4
4,9.41,4.62,0.49
4,10.53,4.62,0.44
4,11.18,4.62,0.41
4,12.33,4.67,0.38
4,11.71,4.61,0.39
4,8.03,4.56,0.57
4,8.72,4.62,0.53
4,11.49,4.63,0.4
4,10.75,4.61,0.43
4,8.38,4.54,0.54
4,9.8,4.58,0.47
4,8.83,4.55,0.52
4,10.01,4.61,0.46
4,8.61,4.53,0.53
4,11.1,4.59,0.41
4,7.43,4.55,0.61
4,11.9,4.63,0.39
4,8.87,4.58,0.52
4,11.44,4.63,0.4
4,10.41,4.6,0.44
4,9.18,4.61,0.5
4,9.98,4.6,0.46
4,11.31,4.59,0.41
4,9.71,4.6,0.47
4,9.44,4.61,0.49
4,10.76,4.59,0.43
4,11.15,4.61,0.41
4,12.29,4.66,0.38
4,7.96,4.58,0.58
4,12.31,4.62,0.38
4,8.12,4.57,0.56
4,10.84,4.64,0.43
4,10.31,4.59,0.45
4,9.42,4.59,0.49
4,8.63,4.6,0.53
4,8.32,4.55,0.55
4,10.8,4.6,0.43
4,9.52,4.61,0.48
4,7.55,4.55,0.6
4,12.36,4.64,0.38
4,8.51,4.57,0.54
4,9.04,4.55,0.5
4,8.62,4.63,0.54
4,12.84,4.66,0.36
4,9.22,4.54,0.49
4,8.0,4.56,0.57
4,9.05,4.55,0.5
4,8.94,4.61,0.52
4,9.34,4.55,0.49
4,8.96,4.6,0.51
4,8.14,4.58,0.56
4,9.22,4.62,0.5
4,10.69,4.62,0.43
4,11.93,4.62,0.39
4,8.97,4.54,0.51
4,8.31,4.59,0.55
4,10.82,4.61,0.43
4,9.51,4.62,0.49
4,10.45,4.6,0.44
4,9.9,4.57,0.46
4,12.41,4.58,0.37
4,9.12,4.57,0.5
4,7.92,4.56,0.58
4,10.05,4.58,0.46
4,11.93,4.61,0.39
4,10.6,4.64,0.44
4,9.17,4.57,0.5
4,10.54,4.63,0.44
4,7.85,4.56,0.58
4,10.51,4.58,0.44
4,9.34,4.59,0.49
4,12.11,4.61,0.38
4,10.92,4.59,0.42
4,8.43,4.56,0.54
4,10.08,4.63,0.46
4,11.4,4.61,0.4
4,9.34,4.56,0.49
4,9.37,4.63,0.49
4,9.65,4.59,0.48
4,8.12,4.57,0.56
4,9.94,4.6,0.46
4,11.14,4.61,0.41
4,11.55,4.61,0.4
4,8.39,4.57,0.54
4,12.01,4.6,0.38
4,9.45,4.62,0.49
4,10.53,4.61,0.44
4,9.03,4.57,0.51
4,7.72,4.54,0.59
4,10.25,4.59,0.45
4,9.03,4.56,0.51
4,9.2,4.61,0.5
4,9.0,4.56,0.51
4,9.98,4.6,0.46
4,12.18,4.64,0.38
4,9.39,4.59,0.49
4,7.91,4.51,0.57
4,12.19,4.58,0.38
4,10.44,4.61,0.44
4,8.72,4.55,0.52
4,10.14,4.63,0.46
4,8.8,4.57,0.52
4,10.79,4.55,0.42
4,11.82,4.62,0.39
4,10.4,4.58,0.44
4,8.63,4.57,0.53
4,10.84,4.59,0.42
4,9.75,4.58,0.47
4,8.48,4.56,0.54
4,10.93,4.65,0.43
4,10.02,4.58,0.46
4,8.7,4.56,0.52
4,10.83,4.62,0.43
4,9.39,4.55,0.48
4,9.98,4.6,0.46
4,8.95,4.6,0.51
4,11.94,4.64,0.39
4,9.21,4.55,0.49
4,10.77,4.59,0.43
4,9.9,4.58,0.46
4,10.51,4.63,0.44
4,7.77,4.54,0.58
4,8.49,4.56,0.54
4,8.44,4.56,0.54
4,8.94,4.54,0.51
4,8.49,4.58,0.54
4,8.91,4.56,0.51
4,8.53,4.57,0.54
4,9.63,4.61,0.48
4,8.69,4.58,0.53
4,7.7,4.48,0.58
4,8.62,4.6,0.53
4,9.91,4.6,0.46
4,11.05,4.58,0.41
4,8.09,4.51,0.56
4,8.89,4.55,0.51
4,9.08,4.59,0.5
4,8.96,4.58,0.51
4,8.38,4.55,0.54
4,9.68,4.58,0.47
4,9.89,4.56,0.46
4,10.33,4.65,0.45
4,7.7,4.56,0.59
4,10.64,4.56,0.43
4,9.64,4.57,0.47
4,8.81,4.56,0.52
4,12.42,4.63,0.37
4,12.32,4.59,0.37
4,12.2,4.61,0.38
4,8.65,4.55,0.53
4,7.85,4.55,0.58
4,9.31,4.55,0.49
4,9.69,4.58,0.47
4,9.08,4.61,0.51
4,8.03,4.52,0.56
4,11.63,4.59,0.39
4,11.54,4.65,0.4
4,7.87,4.53,0.58
4,10.18,4.59,0.45
4,8.56,4.58,0.53
4,9.42,4.61,0.49
4,8.53,4.6,0.54
4,8.72,4.56,0.52
4,8.54,4.6,0.54
4,10.75,4.63,0.43
4,9.02,4.57,0.51
4,10.65,4.59,0.43
4,11.83,4.64,0.39
4,9.76,4.57,0.47
4,8.8,4.57,0.52
4,8.14,4.52,0.56
4,8.8,4.58,0.52
4,11.39,4.62,0.41
4,7.66,4.56,0.6
4,10.17,4.6,0.45
4,8.73,4.56,0.52
4,8.58,4.58,0.53
4,9.22,4.6,0.5
4,9.58,4.58,0.48
4,10.61,4.59,0.43
4,7.91,4.56,0.58
4,9.68,4.57,0.47
4,7.79,4.58,0.59
4,9.55,4.55,0.48
4,8.28,4.56,0.55
4,7.9,4.56,0.58
4,9.8,4.62,0.47
4,10.67,4.59,0.43
4,8.35,4.6,0.55
4,11.03,4.63,0.42
4,8.99,4.58,0.51
4,8.05,4.52,0.56
4,10.39,4.58,0.44
4,9.8,4.58,0.47
4,12.62,4.6,0.36
4,8.91,4.59,0.52
4,8.53,4.57,0.54
4,9.38,4.58,0.49
4,7.89,4.58,0.58
4,9.49,4.58,0.48
4,7.8,4.53,0.58
4,9.79,4.66,0.48
4,9.35,4.56,0.49
4,10.52,4.61,0.44
4,8.4,4.58,0.55
4,11.49,4.58,0.4
4,10.35,4.59,0.44
4,9.06,4.58,0.51
4,9.18,4.55,0.5
4,8.54,4.58,0.54
4,9.62,4.55,0.47
4,9.77,4.57,0.47
4,11.51,4.6,0.4
4,10.71,4.6,0.43
4,11.6,4.62,0.4
4,11.19,4.62,0.41
4,10.1,4.57,0.45
4,7.77,4.55,0.59
4,9.73,4.61,0.47
4,8.9,4.58,0.51
4,8.88,4.59,0.52
4,12.79,4.6,0.36
4,11.35,4.68,0.41
4,7.66,4.56,0.59
4,11.67,4.64,0.4
4,9.28,4.57,0.49
4,8.09,4.58,0.57
4,11.62,4.61,0.4
4,8.45,4.6,0.54
4,7.93,4.56,0.58
4,9.51,4.57,0.48
4,8.16,4.56,0.56
4,10.52,4.62,0.44
4,7.29,4.61,0.63
4,10.38,4.6,0.44
4,7.74,4.53,0.58
4,10.25,4.6,0.45
5,10.38,4.0,0.39
5,13.53,4.1,0.3
5,14.43,4.15,0.29
5,13.44,4.09,0.3
5,14.51,4.01,0.28
5,13.86,3.95,0.28
5,11.78,4.0,0.34
5,11.21,3.99,0.36
5,15.8,4.06,0.26
5,12.63,4.09,0.32
5,11.5,3.86,0.34
5,15.77,3.99,0.25
5,12.55,3.98,0.32
5,10.11,3.93,0.39
5,13.1,4.06,0.31
5,12.64,3.86,0.31
5,12.2,4.0,0.33
5,10.84,3.97,0.37
5,10.67,3.83,0.36
5,11.4,4.02,0.35
5,10.05,3.88,0.39
5,10.81,4.29,0.4
5,15.56,4.02,0.26
5,13.81,4.16,0.3
5,15.27,4.09,0.27
5,15.6,4.11,0.26
5,11.02,3.85,0.35
5,14.18,3.84,0.27
5,15.91,3.71,0.23
5,13.01,4.12,0.32
5,14.1,4.0,0.28
5,13.28,4.09,0.31
5,13.59,4.04,0.3
5,13.63,4.06,0.3
5,15.5,3.94,0.25
5,10.62,4.09,0.39
5,11.51,4.16,0.36
5,11.36,4.0,0.35
5,11.15,3.95,0.35
5,12.52,3.78,0.3
5,12.37,3.95,0.32
5,16.33,4.0,0.25
5,12.47,3.96,0.32
5,12.77,4.14,0.32
5,11.6,3.81,0.33
5,13.62,4.14,0.3
5,14.66,3.92,0.27
5,12.59,3.84,0.3
5,14.28,3.95,0.28
5,12.82,4.13,0.32
5,15.35,3.94,0.26
5,13.55,3.8,0.28
5,11.99,3.78,0.32
5,13.16,3.86,0.29
5,14.66,4.17,0.28
5,11.69,4.1,0.35
5,13.72,3.98,0.29
5,14.31,4.04,0.28
5,12.17,4.02,0.33
5,10.68,3.94,0.37
5,10.92,3.75,0.34
5,15.99,4.12,0.26
5,14.41,4.05,0.28
5,12.26,3.81,0.31
5,14.65,4.07,0.28
5,13.23,4.05,0.31
5,13.38,3.97,0.3
5,10.9,3.96,0.36
5,13.54,3.87,0.29
5,12.63,3.9,0.31
5,14.07,3.92,0.28
5,13.72,3.97,0.29
5,11.98,3.93,0.33
5,13.05,3.94,0.3
5,14.12,4.14,0.29
5,11.41,3.99,0.35
5,15.85,3.89,0.25
5,11.9,3.86,0.32
5,15.56,3.8,0.24
5,16.3,4.09,0.25
5,15.56,3.89,0.25
5,12.63,4.13,0.33
5,13.49,4.01,0.3
5,10.37,4.0,0.39
5,13.17,4.02,0.31
5,12.75,3.88,0.3
5,12.75,4.1,0.32
5,15.86,3.87,0.24
5,13.63,3.96,0.29
5,11.42,4.02,0.35
5,14.72,3.92,0.27
5,14.81,4.18,0.28
5,9.78,3.93,0.4
5,13.1,3.89,0.3
5,15.81,4.26,0.27
5,11.45,4.24,0.37
5,9.47,4.02,0.42
5,13.1,4.02,0.31
5,12.36,3.94,0.32
5,13.55,3.86,0.29
5,14.87,4.14,0.28
5,12.05,3.93,0.33
5,14.75,4.0,0.27
5,12.56,4.07,0.32
5,11.27,3.86,0.34
5,14.93,3.9,0.26
5,14.92,4.02,0.27
5,12.21,3.87,0.32
5,12.42,4.15,0.33
5,12.34,3.98,0.32
5,10.09,4.16,0.41
5,11.42,3.73,0.33
5,13.25,4.01,0.3
5,15.13,4.17,0.28
5,13.45,3.81,0.28
5,16.72,4.0,0.24
5,13.59,3.96,0.29
5,13.89,3.97,0.29
5,12.0,3.99,0.33
5,10.39,4.04,0.39
5,10.28,3.96,0.39
5,12.42,3.93,0.32
5,11.53,4.12,0.36
5,11.26,3.76,0.33
5,12.94,3.88,0.3
5,11.92,4.08,0.34
5,14.24,3.87,0.27
5,13.62,4.03,0.3
5,12.06,3.84,0.32
5,12.08,3.96,0.33
5,16.22,3.97,0.24
5,10.9,4.2,0.39
5,15.74,4.13,0.26
5,15.71,3.73,0.24
5,12.79,3.75,0.29
5,11.01,4.06,0.37
5,11.66,3.79,0.33
5,10.42,3.95,0.38
5,12.04,4.06,0.34
5,15.16,3.86,0.25
5,12.35,3.83,0.31
5,12.52,3.99,0.32
5,13.46,3.86,0.29
5,10.55,3.9,0.37
5,11.44,4.02,0.35
5,13.77,3.88,0.28
5,9.41,3.81,0.4
5,14.35,4.1,0.29
5,14.2,3.86,0.27
5,12.98,4.17,0.32
5,13.12,3.9,0.3
5,13.78,3.78,0.27
5,11.77,3.96,0.34
5,16.48,4.15,0.25
5,14.78,3.86,0.26
5,12.66,4.12,0.33
5,15.43,3.99,0.26
5,13.44,4.04,0.3
5,14.43,4.02,0.28
5,13.19,4.05,0.31
5,11.6,3.89,0.33
5,15.16,4.09,0.27
5,11.9,3.77,0.32
5,15.13,4.25,0.28
5,10.19,3.91,0.38
5,10.16,4.2,0.41
5,12.1,3.74,0.31
5,11.22,3.87,0.34
5,14.72,3.85,0.26
5,16.17,3.97,0.25
5,14.93,3.91,0.26
5,10.73,4.14,0.39
5,13.05,3.98,0.31
5,10.88,3.81,0.35
5,12.12,3.77,0.31
5,13.26,4.04,0.3
5,13.58,4.22,0.31
5,13.01,3.98,0.31
5,12.13,3.92,0.32
5,12.5,3.91,0.31
5,12.13,4.03,0.33
5,11.4,3.94,0.35
5,14.11,4.11,0.29
5,12.02,4.04,0.34
5,12.35,3.84,0.31
5,11.7,3.79,0.32
5,11.25,4.23,0.38
5,10.88,4.1,0.38
5,11.8,3.9,0.33
5,11.65,4.19,0.36
5,12.67,3.97,0.31
5,14.02,3.95,0.28
5,14.75,4.22,0.29
5,13.89,4.12,0.3
5,15.15,3.99,0.26
5,12.43,3.9,0.31
5,12.14,3.99,0.33
5,13.24,4.15,0.31
5,14.42,3.99,0.28
5,11.87,4.13,0.35
5,13.65,3.9,0.29
5,11.7,4.19,0.36
5,10.32,3.96,0.38
5,11.51,4.13,0.36
5,13.04,4.1,0.31
5,10.5,3.85,0.37
5,13.48,4.2,0.31
5,15.08,3.98,0.26
5,10.35,4.18,0.4
5,13.57,4.2,0.31
5,13.14,3.88,0.29
5,15.15,4.07,0.27
5,12.45,3.9,0.31
5,12.63,4.1,0.32
5,14.62,4.0,0.27
5,14.78,4.0,0.27
5,11.34,4.05,0.36
5,13.45,3.97,0.3
5,11.75,3.75,0.32
5,12.01,3.98,0.33
5,10.43,4.02,0.39
5,15.51,3.84,0.25
5,14.75,3.9,0.26
5,13.48,3.89,0.29
5,10.14,4.02,0.4
5,12.42,4.16,0.33
5,11.21,4.25,0.38
5,13.23,4.06,0.31
5,14.42,4.03,0.28
5,14.35,4.02,0.28
5,11.11,4.14,0.37
5,12.42,3.94,0.32
5,14.03,4.05,0.29
5,12.48,4.04,0.32
5,11.19,4.25,0.38
5,14.77,4.19,0.28
5,14.75,4.28,0.29
5,11.32,3.81,0.34
5,11.07,4.21,0.38
5,11.98,3.87,0.32
5,14.93,3.92,0.26
5,12.06,4.06,0.34
5,14.06,3.88,0.28
5,11.6,4.2,0.36
5,14.32,4.04,0.28
5,10.25,4.17,0.41
5,13.96,3.89,0.28
5,9.49,4.03,0.42
5,10.64,4.08,0.38
5,13.19,3.88,0.29
5,10.68,3.98,0.37
5,10.5,3.95,0.38
5,13.58,4.02,0.3
5,12.11,4.06,0.34
5,12.46,3.87,0.31
5,12.58,3.91,0.31
5,13.71,4.03,0.29
5,16.61,4.0,0.24
5,11.26,3.81,0.34
5,12.85,4.0,0.31
5,13.96,3.94,0.28
5,15.01,3.98,0.27
5,9.59,4.19,0.44
5,12.58,4.07,0.32
5,11.78,3.97,0.34
5,13.27,3.69,0.28
5,13.19,3.94,0.3
5,14.26,4.11,0.29
5,16.03,4.09,0.26
5,11.92,4.34,0.36
5,16.22,4.06,0.25
5,13.01,4.15,0.32
5,15.48,4.12,0.27
5,14.56,3.98,0.27
5,12.51,3.9,0.31
5,11.03,3.92,0.36
5,14.94,3.84,0.26
5,9.59,4.14,0.43
5,14.45,3.97,0.27
5,11.3,3.95,0.35
5,15.55,4.03,0.26
5,14.18,3.81,0.27
5,11.68,4.07,0.35
5,11.58,3.89,0.34
5,13.42,4.08,0.3
5,14.97,4.03,0.27
5,15.07,3.92,0.26
5,14.0,4.12,0.29
5,12.35,3.88,0.31
5,11.67,3.87,0.33
5,13.26,4.07,0.31
5,13.28,4.0,0.3
5,12.83,4.19,0.33
5,12.11,4.0,0.33
5,13.54,3.84,0.28
5,14.68,4.0,0.27
5,14.14,4.04,0.29
5,10.2,3.75,0.37
5,15.64,3.98,0.25
5,11.07,3.93,0.36
5,13.14,4.22,0.32
5,12.79,4.0,0.31
5,11.37,4.07,0.36
5,10.21,4.0,0.39
5,15.54,4.08,0.26
5,14.21,3.82,0.27
5,11.85,3.94,0.33
5,15.03,4.12,0.27
5,15.72,3.94,0.25
5,15.84,3.92,0.25
5,11.72,3.97,0.34
5,15.49,3.95,0.25
5,11.68,3.96,0.34
5,12.96,4.03,0.31
5,14.27,4.03,0.28
5,12.89,3.9,0.3
5,12.9,4.11,0.32
5,12.36,3.84,0.31
5,12.44,3.91,0.31
5,15.32,4.03,0.26
5,13.94,4.04,0.29
5,13.21,3.97,0.3
5,13.39,4.11,0.31
5,11.97,4.08,0.34
5,14.54,3.96,0.27
5,13.37,4.04,0.3
5,14.99,4.09,0.27
5,12.95,4.04,0.31
5,12.9,3.94,0.31
5,14.66,4.0,0.27
5,13.19,3.94,0.3
5,14.09,3.84,0.27
5,13.31,3.88,0.29
5,13.74,3.86,0.28
5,15.9,4.13,0.26
5,9.62,3.84,0.4
5,12.78,4.21,0.33
5,13.78,4.08,0.3
5,14.46,3.83,0.26
5,9.38,4.05,0.43
5,15.74,3.81,0.24
5,11.94,3.87,0.32
5,12.4,4.09,0.33
5,13.36,3.76,0.28
5,10.67,4.02,0.38
5,11.27,3.99,0.35
5,11.64,4.01,0.34
5,12.58,3.88,0.31
5,13.64,3.87,0.28
5,15.42,3.95,0.26
5,15.79,4.1,0.26
5,11.55,3.96,0.34
5,14.15,3.94,0.28
5,12.2,3.89,0.32
5,11.09,4.11,0.37
5,14.29,3.93,0.27
5,11.18,4.01,0.36
5,13.07,3.77,0.29
5,13.13,4.09,0.31
5,14.62,4.01,0.27
5,11.12,3.99,0.36
5,13.69,4.29,0.31
5,10.99,3.94,0.36
5,13.18,3.75,0.28
5,12.49,4.07,0.33
5,10.91,3.9,0.36
5,15.37,3.85,0.25
5,11.63,3.92,0.34
5,13.22,3.89,0.29
5,14.44,4.17,0.29
5,15.37,4.08,0.27
5,16.52,3.96,0.24
5,11.52,3.77,0.33
5,13.1,3.98,0.3
5,11.81,3.91,0.33
5,13.21,4.11,0.31
5,14.85,4.19,0.28
5,16.57,3.99,0.24
5,12.35,4.02,0.33
5,14.13,4.01,0.28
5,11.52,4.04,0.35
5,15.37,4.16,0.27
5,12.91,3.94,0.31
5,13.41,3.86,0.29
5,11.05,3.92,0.35
5,14.48,4.06,0.28
5,11.41,4.02,0.35
5,10.72,3.97,0.37
5,12.21,4.1,0.34
5,13.09,4.01,0.31
5,12.78,3.98,0.31
5,12.53,4.0,0.32
5,15.44,4.1,0.27
5,12.03,4.16,0.35
5,12.5,3.91,0.31
5,12.74,4.22,0.33
5,13.3,3.93,0.3
5,13.12,4.06,0.31
5,14.69,4.13,0.28
5,12.63,3.77,0.3
5,13.21,4.05,0.31
5,10.19,4.03,0.4
5,12.11,4.02,0.33
5,12.44,3.85,0.31
5,14.33,4.06,0.28
5,12.29,3.87,0.31
5,11.28,4.12,0.37
5,10.32,4.12,0.4
5,12.93,4.03,0.31
5,9.41,3.93,0.42
5,10.99,3.88,0.35
5,11.28,3.74,0.33
5,11.57,4.01,0.35
5,10.09,3.92,0.39
5,15.61,4.01,0.26
5,11.28,4.12,0.36
5,11.38,3.9,0.34
5,11.28,3.97,0.35
5,11.11,3.85,0.35
5,10.37,4.0,0.39
5,9.72,4.06,0.42
5,13.79,3.94,0.29
5,10.21,3.91,0.38
5,15.14,3.95,0.26
5,12.39,4.11,0.33
5,11.23,3.89,0.35
5,12.95,4.02,0.31
5,12.15,3.88,0.32
5,13.63,3.7,0.27
5,16.22,4.09,0.25
5,13.59,4.14,0.3
5,14.24,4.11,0.29
5,13.19,3.88,0.29
5,13.87,3.93,0.28
5,11.14,3.9,0.35
5,10.98,4.09,0.37
5,16.44,3.95,0.24
5,13.82,3.93,0.28
5,11.33,4.09,0.36
5,12.93,4.02,0.31
5,11.89,3.94,0.33
5,14.22,4.07,0.29
5,11.96,3.96,0.33
5,13.81,3.96,0.29
5,14.84,3.98,0.27
5,12.89,3.89,0.3
5,12.43,3.93,0.32
5,14.6,4.29,0.29
5,12.16,3.8,0.31
5,13.23,3.88,0.29
5,11.81,3.9,0.33
5,12.67,4.04,0.32
5,13.44,4.02,0.3
5,11.61,4.02,0.35
5,12.96,4.08,0.31
5,9.75,4.04,0.41
5,11.49,3.96,0.34
5,15.06,3.95,0.26
6,9.85,2.63,0.27
6,14.51,2.62,0.18
6,12.75,2.65,0.21
6,14.09,2.61,0.19
6,14.7,2.73,0.19
6,14.28,2.68,0.19
6,14.01,2.59,0.19
6,11.45,2.66,0.23
6,14.32,2.69,0.19
6,12.71,2.6,0.2
6,13.32,2.6,0.2
6,12.53,2.69,0.21
6,14.06,2.59,0.18
6,12.7,2.65,0.21
6,10.75,2.65,0.25
6,14.02,2.64,0.19
6,13.17,2.62,0.2
6,13.92,2.63,0.19
6,14.14,2.58,0.18
6,14.38,2.7,0.19
6,11.55,2.63,0.23
6,11.64,2.49,0.21
6,13.25,2.66,0.2
6,11.3,2.67,0.24
6,13.34,2.62,0.2
6,12.39,2.56,0.21
6,14.03,2.68,0.19
6,12.48,2.7,0.22
6,11.22,2.62,0.23
6,13.67,2.61,0.19
6,13.41,2.64,0.2
6,11.87,2.57,0.22
6,13.83,2.63,0.19
6,14.25,2.63,0.18
6,13.23,2.75,0.21
6,14.43,2.61,0.18
6,12.68,2.55,0.2
6,14.6,2.75,0.19
6,12.76,2.59,0.2
6,13.9,2.64,0.19
6,10.73,2.59,0.24
6,15.24,2.73,0.18
6,11.18,2.69,0.24
6,11.95,2.61,0.22
6,13.25,2.67,0.2
6,14.22,2.59,0.18
6,10.06,2.54,0.25
6,11.78,2.54,0.22
6,12.63,2.67,0.21
6,15.22,2.6,0.17
6,11.46,2.63,0.23
6,12.67,2.71,0.21
6,14.57,2.64,0.18
6,11.29,2.55,0.23
6,11.04,2.62,0.24
6,14.38,2.61,0.18
6,12.98,2.58,0.2
6,13.12,2.63,0.2
6,12.63,2.63,0.21
6,12.89,2.64,0.21
6,12.83,2.61,0.2
6,12.62,2.66,0.21
6,14.27,2.68,0.19
6,13.46,2.69,0.2
6,13.78,2.67,0.19
6,13.98,2.67,0.19
6,14.48,2.66,0.18
6,9.69,2.6,0.27
6,13.63,2.67,0.2
6,14.45,2.62,0.18
6,11.46,2.59,0.23
6,12.31,2.55,0.21
6,14.58,2.63,0.18
6,12.4,2.64,0.21
6,13.69,2.61,0.19
6,11.06,2.58,0.23
6,11.9,2.61,0.22
6,14.03,2.62,0.19
6,11.32,2.58,0.23
6,13.93,2.67,0.19
6,12.02,2.62,0.22
6,12.41,2.59,0.21
6,12.74,2.61,0.2
6,13.79,2.66,0.19
6,13.27,2.58,0.19
6,14.13,2.61,0.18
6,11.8,2.58,0.22
6,12.06,2.54,0.21
6,11.27,2.6,0.23
6,13.84,2.69,0.19
6,13.22,2.62,0.2
6,12.72,2.54,0.2
6,12.77,2.63,0.21
6,14.01,2.66,0.19
6,13.34,2.68,0.2
6,12.78,2.62,0.21
6,14.2,2.64,0.19
6,14.28,2.72,0.19
6,15.33,2.68,0.17
6,14.13,2.62,0.19
6,13.44,2.61,0.19
6,14.06,2.68,0.19
6,14.12,2.62,0.19
6,13.94,2.52,0.18
6,14.44,2.61,0.18
6,11.16,2.61,0.23
6,14.85,2.76,0.19
6,13.4,2.71,0.2
6,11.91,2.75,0.23
6,12.31,2.63,0.21
6,11.44,2.63,0.23
6,9.75,2.57,0.26
6,15.26,2.74,0.18
6,12.8,2.59,0.2
6,11.29,2.58,0.23
6,12.85,2.61,0.2
6,11.91,2.61,0.22
6,13.55,2.61,0.19
6,13.59,2.57,0.19
6,10.44,2.56,0.25
6,11.02,2.54,0.23
6,13.2,2.66,0.2
6,13.58,2.64,0.19
6,14.61,2.59,0.18
6,13.46,2.67,0.2
6,13.92,2.64,0.19
6,12.48,2.62,0.21
6,14.11,2.64,0.19
6,12.34,2.65,0.21
6,11.21,2.63,0.23
6,12.1,2.57,0.21
6,12.4,2.69,0.22
6,12.35,2.59,0.21
6,12.16,2.56,0.21
6,11.76,2.61,0.22
6,13.91,2.72,0.2
6,13.06,2.67,0.2
6,14.81,2.67,0.18
6,13.94,2.62,0.19
6,13.32,2.57,0.19
6,10.33,2.55,0.25
6,13.96,2.67,0.19
6,12.49,2.66,0.21
6,13.37,2.66,0.2
6,12.37,2.65,0.21
6,10.46,2.59,0.25
6,11.52,2.65,0.23
6,11.99,2.67,0.22
6,14.06,2.62,0.19
6,11.47,2.59,0.23
6,14.2,2.71,0.19
6,12.98,2.62,0.2
6,13.36,2.63,0.2
6,14.34,2.68,0.19
6,11.77,2.66,0.23
6,13.29,2.61,0.2
6,14.76,2.67,0.18
6,10.86,2.63,0.24
6,13.54,2.6,0.19
6,11.68,2.62,0.22
6,14.54,2.65,0.18
6,13.59,2.59,0.19
6,10.48,2.6,0.25
6,14.2,2.68,0.19
6,11.26,2.58,0.23
6,12.03,2.6,0.22
6,12.93,2.64,0.2
6,10.53,2.58,0.25
6,14.25,2.68,0.19
6,12.37,2.64,0.21
6,12.09,2.61,0.22
6,13.17,2.61,0.2
6,13.77,2.67,0.19
6,12.15,2.57,0.21
6,13.35,2.62,0.2
6,14.96,2.65,0.18
6,11.92,2.64,0.22
6,12.92,2.59,0.2
6,10.6,2.55,0.24
6,13.48,2.69,0.2
6,14.41,2.61,0.18
6,14.7,2.61,0.18
6,10.92,2.6,0.24
6,12.87,2.67,0.21
6,9.77,2.6,0.27
6,13.33,2.66,0.2
6,12.93,2.64,0.2
6,12.9,2.63,0.2
6,12.45,2.64,0.21
6,13.54,2.69,0.2
6,14.39,2.7,0.19
6,14.22,2.65,0.19
6,14.92,2.7,0.18
6,11.03,2.58,0.23
6,13.89,2.71,0.2
6,12.0,2.58,0.22
6,14.68,2.72,0.19
6,13.87,2.69,0.19
6,13.98,2.64,0.19
6,10.83,2.54,0.23
6,13.76,2.61,0.19
6,12.86,2.68,0.21
6,12.81,2.58,0.2
6,13.34,2.6,0.19
6,13.24,2.61,0.2
6,13.21,2.6,0.2
6,14.82,2.62,0.18
6,13.23,2.69,0.2
6,12.19,2.62,0.21
6,12.53,2.61,0.21
6,13.77,2.6,0.19
6,12.67,2.65,0.21
6,10.21,2.58,0.25
6,11.82,2.62,0.22
6,14.48,2.57,0.18
6,12.48,2.61,0.21
6,14.15,2.69,0.19
6,14.4,2.71,0.19
6,12.75,2.62,0.21
6,11.3,2.59,0.23
6,10.66,2.66,0.25
6,13.45,2.68,0.2
6,13.49,2.67,0.2
6,14.96,2.65,0.18
6,12.69,2.6,0.2
6,14.62,2.64,0.18
6,14.5,2.7,0.19
6,12.35,2.69,0.22
6,15.24,2.61,0.17
6,11.81,2.63,0.22
6,10.77,2.59,0.24
6,11.4,2.63,0.23
6,14.54,2.68,0.18
6,13.28,2.64,0.2
6,13.54,2.68,0.2
6,13.77,2.64,0.19
6,12.55,2.67,0.21
6,15.03,2.74,0.18
6,12.98,2.6,0.2
6,13.07,2.59,0.2
6,12.73,2.64,0.21
6,13.76,2.69,0.2
6,12.78,2.62,0.21
6,14.11,2.65,0.19
6,14.76,2.64,0.18
6,13.37,2.69,0.2
6,11.81,2.66,0.22
6,13.22,2.64,0.2
6,11.85,2.6,0.22
6,11.56,2.54,0.22
6,12.76,2.63,0.21
6,10.86,2.64,0.24
6,13.07,2.6,0.2
6,12.53,2.64,0.21
6,14.03,2.64,0.19
6,12.4,2.66,0.21
6,13.07,2.65,0.2
6,13.98,2.7,0.19
6,12.76,2.6,0.2
6,12.68,2.61,0.21
6,12.91,2.67,0.21
6,14.68,2.66,0.18
6,15.01,2.61,0.17
6,14.59,2.7,0.19
6,10.82,2.63,0.24
6,12.85,2.61,0.2
6,10.98,2.59,0.24
6,10.96,2.56,0.23
6,12.59,2.64,0.21
6,11.11,2.6,0.23
6,11.98,2.62,0.22
6,12.96,2.57,0.2
6,11.36,2.56,0.23
6,11.64,2.58,0.22
6,15.41,2.67,0.17
6,13.56,2.56,0.19
6,14.28,2.64,0.19
6,12.09,2.66,0.22
6,13.5,2.61,0.19
6,11.91,2.65,0.22
6,14.2,2.59,0.18
6,13.31,2.56,0.19
6,14.72,2.62,0.18
6,14.06,2.65,0.19
6,12.48,2.7,0.22
6,11.41,2.66,0.23
6,13.47,2.67,0.2
6,14.24,2.67,0.19
6,12.02,2.63,0.22
6,12.75,2.59,0.2
6,15.19,2.69,0.18
6,14.44,2.68,0.19
6,13.64,2.61,0.19
6,12.09,2.72,0.22
6,13.3,2.66,0.2
6,11.71,2.6,0.22
6,13.1,2.66,0.2
6,14.08,2.66,0.19
6,13.44,2.71,0.2
6,12.84,2.64,0.21
6,12.08,2.55,0.21
6,13.75,2.61,0.19
6,14.8,2.68,0.18
6,12.35,2.61,0.21
6,14.86,2.63,0.18
6,15.01,2.66,0.18
6,12.58,2.67,0.21
6,13.65,2.62,0.19
6,12.08,2.63,0.22
6,12.84,2.63,0.2
6,13.51,2.61,0.19
6,13.41,2.55,0.19
6,14.2,2.61,0.18
6,11.23,2.65,0.24
6,12.04,2.59,0.21
6,13.45,2.63,0.2
6,12.67,2.66,0.21
6,14.37,2.67,0.19
6,11.36,2.54,0.22
6,14.47,2.63,0.18
6,11.24,2.59,0.23
6,14.3,2.66,0.19
6,13.31,2.63,0.2
6,14.51,2.62,0.18
6,13.75,2.66,0.19
6,14.25,2.66,0.19
6,14.76,2.6,0.18
6,11.54,2.6,0.23
6,12.48,2.66,0.21
6,12.0,2.68,0.22
6,13.78,2.67,0.19
6,14.03,2.68,0.19
6,11.73,2.64,0.22
6,13.48,2.62,0.19
6,13.66,2.66,0.19
6,14.3,2.64,0.18
6,12.04,2.62,0.22
6,14.19,2.66,0.19
6,14.38,2.7,0.19
6,15.16,2.7,0.18
6,12.67,2.65,0.21
6,14.47,2.72,0.19
6,10.74,2.59,0.24
6,11.44,2.61,0.23
6,13.28,2.67,0.2
6,13.07,2.64,0.2
6,13.64,2.55,0.19
6,12.9,2.69,0.21
6,14.2,2.64,0.19
6,13.95,2.61,0.19
6,12.88,2.6,0.2
6,15.22,2.69,0.18
6,12.46,2.62,0.21
6,15.22,2.65,0.17
6,13.61,2.68,0.2
6,12.16,2.63,0.22
6,11.57,2.61,0.23
6,11.94,2.71,0.23
6,12.99,2.53,0.19
6,14.86,2.71,0.18
6,11.47,2.61,0.23
6,14.89,2.67,0.18
6,15.2,2.7,0.18
6,11.07,2.6,0.24
6,14.23,2.65,0.19
6,14.1,2.61,0.18
6,15.15,2.62,0.17
6,12.52,2.62,0.21
6,11.68,2.6,0.22
6,14.51,2.63,0.18
6,11.97,2.62,0.22
6,13.72,2.67,0.19
6,13.15,2.6,0.2
6,12.76,2.63,0.21
6,14.45,2.69,0.19
6,14.15,2.63,0.19
6,13.92,2.66,0.19
6,14.65,2.65,0.18
6,11.88,2.64,0.22
6,14.04,2.64,0.19
6,14.09,2.64,0.19
6,13.74,2.65,0.19
6,13.94,2.63,0.19
6,14.83,2.63,0.18
6,11.36,2.66,0.23
6,13.61,2.62,0.19
6,13.26,2.66,0.2
6,11.48,2.67,0.23
6,13.82,2.65,0.19
6,13.34,2.6,0.19
6,14.39,2.61,0.18
6,14.24,2.71,0.19
6,10.65,2.61,0.24
6,14.06,2.61,0.19
6,11.9,2.61,0.22
6,14.17,2.7,0.19
6,11.05,2.51,0.23
6,13.18,2.58,0.2
6,13.64,2.72,0.2
6,13.97,2.61,0.19
6,14.41,2.65,0.18
6,12.77,2.56,0.2
6,10.91,2.64,0.24
6,13.56,2.58,0.19
6,12.05,2.53,0.21
6,14.01,2.59,0.18
6,12.44,2.66,0.21
6,13.45,2.64,0.2
6,14.37,2.63,0.18
6,13.73,2.65,0.19
6,13.61,2.67,0.2
6,13.01,2.65,0.2
6,14.52,2.66,0.18
6,14.76,2.6,0.18
6,12.12,2.6,0.21
6,12.9,2.6,0.2
6,14.66,2.63,0.18
6,13.17,2.68,0.2
7,16.77,3.03,0.18
7,17.35,3.11,0.18
7,18.01,3.16,0.18
7,16.47,3.15,0.19
7,17.43,3.21,0.18
7,18.23,3.2,0.18
7,16.58,3.04,0.18
7,19.25,3.14,0.16
7,17.27,3.14,0.18
7,18.46,3.32,0.18
7,19.33,3.14,0.16
7,17.53,3.12,0.18
7,18.16,3.11,0.17
7,17.67,3.07,0.17
7,18.26,3.06,0.17
7,16.06,3.25,0.2
7,17.5,3.12,0.18
7,18.34,3.4,0.19
7,17.83,2.91,0.16
7,17.65,3.21,0.18
7,16.29,3.25,0.2
7,16.98,3.19,0.19
7,17.68,3.11,0.18
7,18.02,3.12,0.17
7,16.69,3.1,0.19
7,18.0,3.19,0.18
7,18.93,3.19,0.17
7,18.71,3.07,0.16
7,17.08,3.28,0.19
7,17.51,3.13,0.18
7,19.06,3.17,0.17
7,18.08,3.11,0.17
7,17.28,3.07,0.18
7,16.85,3.3,0.2
7,18.63,3.15,0.17
7,18.9,3.19,0.17
7,18.16,3.06,0.17
7,17.85,3.07,0.17
7,18.2,3.06,0.17
7,17.59,3.23,0.18
7,17.66,2.98,0.17
7,19.02,3.21,0.17
7,17.47,2.93,0.17
7,18.5,3.26,0.18
7,16.09,2.8,0.17
7,17.84,3.07,0.17
7,17.2,2.92,0.17
7,17.01,3.06,0.18
7,17.54,3.18,0.18
7,18.49,2.89,0.16
7,19.16,3.04,0.16
7,17.47,3.06,0.18
7,19.12,3.08,0.16
7,18.65,3.13,0.17
7,16.55,3.2,0.19
7,17.11,3.05,0.18
7,17.98,3.16,0.18
7,16.89,3.12,0.18
7,18.67,3.27,0.18
7,17.57,2.89,0.16
7,18.48,3.07,0.17
7,18.78,3.08,0.16
7,17.16,3.14,0.18
7,17.51,3.04,0.17
7,16.28,3.0,0.18
7,16.43,3.06,0.19
7,18.4,3.11,0.17
7,17.26,3.04,0.18
7,17.55,2.93,0.17
7,18.32,3.18,0.17
7,17.99,3.06,0.17
7,17.87,3.15,0.18
7,18.01,3.0,0.17
7,18.37,3.16,0.17
7,18.06,3.09,0.17
7,17.93,3.24,0.18
7,17.44,3.2,0.18
7,19.08,3.04,0.16
7,17.8,3.09,0.17
7,17.85,2.94,0.16
7,18.4,3.26,0.18
7,17.23,2.91,0.17
7,18.91,3.22,0.17
7,17.42,2.94,0.17
7,18.94,3.36,0.18
7,17.73,3.09,0.17
7,18.57,3.26,0.18
7,16.69,2.95,0.18
7,18.51,3.18,0.17
7,18.44,3.07,0.17
7,18.05,2.8,0.16
7,17.42,3.09,0.18
7,16.41,3.17,0.19
7,17.32,3.25,0.19
7,19.06,3.33,0.17
7,19.01,2.89,0.15
7,18.31,3.04,0.17
7,16.83,3.09,0.18
7,17.43,3.25,0.19
7,18.38,3.02,0.16
7,18.01,3.26,0.18
7,17.79,3.03,0.17
7,17.33,2.98,0.17
7,17.65,2.99,0.17
7,17.74,3.05,0.17
7,18.21,3.13,0.17
7,17.87,2.93,0.16
7,18.63,3.04,0.16
7,19.06,3.15,0.17
7,16.88,3.12,0.19
7,17.46,3.15,0.18
7,18.65,3.16,0.17
7,17.59,2.83,0.16
7,18.29,3.26,0.18
7,18.58,3.15,0.17
7,17.7,2.97,0.17
7,19.18,3.2,0.17
7,18.17,3.19,0.18
7,18.0,3.03,0.17
7,17.17,3.05,0.18
7,19.1,2.97,0.16
7,17.8,3.22,0.18
7,18.11,3.17,0.18
7,17.5,3.17,0.18
7,16.23,2.91,0.18
7,17.45,3.12,0.18
7,17.68,3.15,0.18
7,17.9,2.99,0.17
7,18.6,3.08,0.17
7,18.82,3.19,0.17
7,16.89,3.04,0.18
7,18.97,3.18,0.17
7,16.8,3.17,0.19
7,17.07,3.04,0.18
7,17.6,3.17,0.18
7,18.83,3.27,0.17
7,17.7,3.26,0.18
7,17.27,2.94,0.17
7,17.23,3.18,0.18
7,17.62,2.9,0.16
7,17.94,3.09,0.17
7,18.49,3.05,0.17
7,17.53,2.94,0.17
7,17.13,2.93,0.17
7,16.98,3.03,0.18
7,17.0,3.18,0.19
7,17.36,3.1,0.18
7,17.47,3.15,0.18
7,17.7,3.27,0.18
7,19.36,3.0,0.15
7,16.85,3.21,0.19
7,16.08,3.13,0.19
7,17.99,3.13,0.17
7,17.84,3.11,0.17
7,17.75,3.24,0.18
7,17.94,3.13,0.17
7,17.72,3.07,0.17
7,18.01,3.23,0.18
7,18.0,2.97,0.17
7,17.15,3.08,0.18
7,16.43,3.04,0.19
7,17.62,3.18,0.18
7,17.82,3.28,0.18
7,18.06,3.06,0.17
7,18.03,3.12,0.17
7,16.65,3.05,0.18
7,18.09,3.26,0.18
7,18.35,3.01,0.16
7,17.31,3.1,0.18
7,19.48,3.35,0.17
7,17.54,3.13,0.18
7,18.49,3.13,0.17
7,16.77,3.18,0.19
7,18.48,3.14,0.17
7,17.61,3.25,0.18
7,17.11,3.11,0.18
7,18.28,3.1,0.17
7,18.91,3.04,0.16
7,18.45,3.25,0.18
7,18.45,3.3,0.18
7,17.66,3.27,0.18
7,18.34,2.95,0.16
7,19.07,3.21,0.17
7,18.31,3.07,0.17
7,17.65,3.11,0.18
7,18.74,3.16,0.17
7,18.36,3.38,0.18
7,17.87,2.97,0.17
7,19.09,3.3,0.17
7,17.86,3.2,0.18
7,16.67,3.02,0.18
7,17.15,2.84,0.17
7,16.95,3.04,0.18
7,18.88,3.2,0.17
7,17.68,2.83,0.16
7,18.84,3.08,0.16
7,17.04,3.08,0.18
7,18.32,3.22,0.18
7,17.63,3.14,0.18
7,17.3,3.02,0.17
7,16.72,3.2,0.19
7,18.57,3.05,0.16
7,17.73,2.95,0.17
7,16.62,3.07,0.18
7,18.53,3.0,0.16
7,17.81,3.07,0.17
7,17.97,3.18,0.18
7,17.34,3.06,0.18
7,16.74,3.07,0.18
7,18.07,3.04,0.17
7,18.04,3.14,0.17
7,18.19,2.95,0.16
7,17.76,3.08,0.17
7,18.65,3.14,0.17
7,16.18,3.01,0.19
7,17.64,3.12,0.18
7,17.99,3.03,0.17
7,17.63,3.07,0.17
7,18.93,3.12,0.16
7,17.81,3.2,0.18
7,16.44,2.96,0.18
7,17.84,2.98,0.17
7,18.08,3.03,0.17
7,17.53,3.0,0.17
7,17.35,3.11,0.18
7,18.53,3.11,0.17
7,16.94,3.01,0.18
7,19.3,3.1,0.16
7,17.51,3.11,0.18
7,16.55,3.09,0.19
7,18.24,3.07,0.17
7,18.41,3.07,0.17
7,17.82,3.17,0.18
7,18.71,3.18,0.17
7,17.14,2.94,0.17
7,18.05,3.05,0.17
7,18.16,3.16,0.17
7,17.98,3.22,0.18
7,17.51,2.99,0.17
7,18.59,3.22,0.17
7,18.09,3.1,0.17
7,18.09,3.18,0.18
7,17.43,3.1,0.18
7,19.02,3.2,0.17
7,17.51,3.17,0.18
7,17.9,3.18,0.18
7,17.56,3.14,0.18
7,18.19,3.17,0.17
7,18.29,3.22,0.18
7,17.15,2.96,0.17
7,17.75,3.07,0.17
7,18.04,3.08,0.17
7,17.72,3.05,0.17
7,18.36,3.13,0.17
7,18.15,3.06,0.17
7,17.7,2.82,0.16
7,17.72,3.15,0.18
7,16.85,3.25,0.19
7,16.88,3.12,0.18
7,18.0,3.06,0.17
7,16.16,3.07,0.19
7,15.93,2.99,0.19
7,18.8,3.28,0.17
7,18.1,3.18,0.18
7,17.78,3.0,0.17
7,18.48,2.97,0.16
7,16.84,3.01,0.18
7,18.61,3.11,0.17
7,16.81,3.01,0.18
7,16.36,3.06,0.19
7,18.46,3.31,0.18
7,19.2,3.28,0.17
7,18.04,3.09,0.17
7,18.28,3.04,0.17
7,17.43,3.06,0.18
7,18.34,3.15,0.17
7,17.3,3.15,0.18
7,16.86,3.01,0.18
7,18.66,3.21,0.17
7,16.55,3.12,0.19
7,19.28,3.18,0.16
7,18.25,3.1,0.17
7,17.98,3.0,0.17
7,18.21,3.24,0.18
7,17.64,2.9,0.16
7,18.87,3.15,0.17
7,18.54,3.28,0.18
7,18.57,3.11,0.17
7,17.23,3.1,0.18
7,17.6,2.95,0.17
7,18.0,3.16,0.18
7,17.06,3.33,0.19
7,16.8,3.09,0.18
7,18.4,3.03,0.16
7,18.98,3.05,0.16
7,16.59,3.03,0.18
7,17.55,2.95,0.17
7,17.38,3.1,0.18
7,17.17,2.97,0.17
7,17.67,3.24,0.18
7,17.97,3.14,0.17
7,18.1,2.97,0.16
7,16.17,3.02,0.19
7,17.63,2.77,0.16
7,16.55,3.02,0.18
7,18.23,2.98,0.16
7,18.98,3.06,0.16
7,18.12,3.05,0.17
7,18.92,3.11,0.16
7,18.93,3.02,0.16
7,17.9,3.05,0.17
7,17.78,2.99,0.17
7,19.25,3.21,0.17
7,17.81,3.15,0.18
7,17.95,3.06,0.17
7,18.53,3.16,0.17
7,16.54,2.95,0.18
7,17.98,2.91,0.16
7,17.47,3.18,0.18
7,18.39,2.94,0.16
7,17.4,3.22,0.18
7,17.7,3.16,0.18
7,18.37,3.19,0.17
7,16.8,3.17,0.19
7,17.86,3.12,0.17
7,16.73,3.16,0.19
7,18.1,2.88,0.16
7,17.96,3.02,0.17
7,18.62,3.12,0.17
7,18.48,3.01,0.16
7,18.26,3.36,0.18
7,18.75,3.11,0.17
7,17.58,3.2,0.18
7,17.35,3.06,0.18
7,18.95,3.32,0.18
7,17.06,3.08,0.18
7,18.4,3.15,0.17
7,18.18,2.98,0.16
7,17.93,3.05,0.17
7,17.41,3.25,0.19
7,18.25,3.09,0.17
7,18.06,3.03,0.17
7,17.72,3.34,0.19
7,16.43,3.04,0.18
7,17.89,3.09,0.17
7,17.96,3.15,0.18
7,17.74,2.89,0.16
7,18.54,2.96,0.16
7,17.55,3.11,0.18
7,17.25,3.07,0.18
7,17.83,3.05,0.17
7,18.62,3.09,0.17
7,17.66,3.1,0.18
7,16.1,3.08,0.19
7,19.03,3.41,0.18
7,18.46,3.06,0.17
7,17.05,2.98,0.18
7,17.72,3.21,0.18
7,17.35,2.98,0.17
7,16.37,2.85,0.17
7,17.74,2.94,0.17
7,17.89,3.28,0.18
7,18.45,3.3,0.18
7,18.43,3.1,0.17
7,17.25,3.1,0.18
7,18.28,3.11,0.17
7,17.35,3.03,0.17
7,18.74,3.05,0.16
7,18.08,2.95,0.16
7,18.25,3.12,0.17
7,17.42,2.97,0.17
7,17.51,3.12,0.18
7,18.94,2.96,0.16
7,17.26,3.22,0.19
7,18.91,3.32,0.18
7,18.75,3.28,0.17
7,18.49,3.1,0.17
7,18.69,3.26,0.17
7,18.13,3.07,0.17
7,15.98,3.1,0.19
7,16.7,2.99,0.18
7,16.67,2.96,0.18
7,18.64,3.11,0.17
7,17.99,2.98,0.17
7,18.06,3.33,0.18
7,17.39,2.98,0.17
7,17.19,3.21,0.19
7,16.54,2.99,0.18
7,18.14,3.24,0.18
7,16.99,3.04,0.18
7,17.63,3.2,0.18
7,19.26,3.17,0.16
7,16.75,3.04,0.18
7,17.88,3.3,0.18
7,18.3,3.15,0.17
7,18.22,3.11,0.17
7,16.55,3.06,0.18
7,18.13,3.09,0.17
7,17.64,3.11,0.18
7,17.52,2.99,0.17
7,18.47,3.03,0.16
7,17.27,3.16,0.18
7,16.94,3.0,0.18
7,17.16,2.87,0.17
7,17.8,3.03,0.17
7,18.2,3.05,0.17
7,17.49,3.09,0.18
7,16.53,3.09,0.19
7,18.84,3.13,0.17
7,17.69,3.15,0.18
7,18.9,3.0,0.16
7,18.81,3.03,0.16
7,17.89,3.08,0.17
7,17.43,3.14,0.18
7,17.26,3.12,0.18
7,17.48,3.16,0.18
7,17.94,2.98,0.17
7,17.31,3.29,0.19
7,17.16,3.16,0.18
7,16.68,3.1,0.19
7,18.0,3.36,0.19
7,16.06,3.11,0.19
7,16.14,2.98,0.18
7,18.5,3.28,0.18
7,17.24,3.17,0.18
7,17.72,3.24,0.18
7,18.51,3.08,0.17
7,17.41,3.05,0.18
7,17.63,3.16,0.18
7,18.99,3.28,0.17
7,16.87,3.03,0.18
7,19.01,2.9,0.15
7,18.09,3.16,0.17
7,18.01,3.15,0.18
7,19.16,3.07,0.16
7,18.33,3.03,0.17
7,17.78,3.13,0.18
7,17.51,2.85,0.16
7,17.26,3.03,0.18
7,17.27,3.23,0.19
7,17.28,2.99,0.17
7,17.72,3.1,0.17
7,17.77,3.04,0.17
7,16.85,3.02,0.18
7,17.13,3.19,0.19
7,18.75,2.93,0.16
7,17.74,3.28,0.18
7,18.74,3.1,0.17
7,16.79,3.05,0.18
7,18.96,3.27,0.17
7,16.99,3.0,0.18
7,17.08,3.09,0.18
7,18.03,3.1,0.17
7,16.56,3.05,0.18
7,18.27,2.98,0.16
7,17.23,2.95,0.17
7,17.53,3.3,0.19
7,19.28,3.1,0.16
7,17.98,3.02,0.17
7,18.64,3.32,0.18
7,18.92,3.04,0.16
7,16.81,3.04,0.18
7,17.98,3.14,0.17
7,17.78,3.17,0.18
7,18.56,3.11,0.17
7,16.06,2.87,0.18
7,18.45,3.0,0.16
7,17.65,3.07,0.17
7,18.41,3.13,0.17
7,15.99,3.11,0.19
7,16.7,2.97,0.18
7,18.12,3.12,0.17
7,18.54,3.27,0.18
7,18.35,3.01,0.16
7,17.9,3.39,0.19
7,17.98,3.17,0.18
7,17.23,3.2,0.19
7,19.01,3.04,0.16
7,17.97,3.35,0.19
7,18.03,3.04,0.17
8,32.52,6.23,0.19
8,30.18,6.13,0.2
8,28.61,6.04,0.21
8,28.38,6.08,0.21
8,30.09,6.09,0.2
8,31.94,6.15,0.19
8,31.9,6.15,0.19
8,28.14,6.05,0.22
8,31.92,6.19,0.19
8,33.85,6.27,0.19
8,28.27,6.03,0.21
8,28.64,6.09,0.21
8,32.11,6.17,0.19
8,31.87,6.15,0.19
8,28.69,6.08,0.21
8,28.31,6.06,0.21
8,31.71,6.17,0.19
8,29.89,6.1,0.2
8,30.46,6.13,0.2
8,29.5,6.16,0.21
8,31.42,6.13,0.2
8,31.24,6.14,0.2
8,29.54,6.11,0.21
8,32.48,6.18,0.19
8,32.27,6.21,0.19
8,30.4,6.13,0.2
8,29.4,6.07,0.21
8,32.72,6.2,0.19
8,30.43,6.1,0.2
8,30.85,6.16,0.2
8,29.66,6.09,0.21
8,29.65,6.1,0.21
8,31.09,6.12,0.2
8,29.72,6.05,0.2
8,33.06,6.21,0.19
8,33.2,6.23,0.19
8,28.15,6.07,0.22
8,30.39,6.07,0.2
8,29.87,6.15,0.21
8,29.65,6.12,0.21
8,31.97,6.18,0.19
8,29.2,6.04,0.21
8,28.91,6.03,0.21
8,31.86,6.16,0.19
8,28.47,6.04,0.21
8,29.93,6.09,0.2
8,29.96,6.13,0.2
8,32.87,6.23,0.19
8,29.28,6.1,0.21
8,29.61,6.11,0.21
8,33.07,6.2,0.19
8,28.5,6.07,0.21
8,28.06,6.11,0.22
8,33.66,6.22,0.18
8,33.15,6.22,0.19
8,32.01,6.2,0.19
8,30.4,6.12,0.2
8,29.83,6.07,0.2
8,31.97,6.16,0.19
8,31.04,6.12,0.2
8,31.38,6.16,0.2
8,32.23,6.17,0.19
8,32.78,6.15,0.19
8,30.52,6.13,0.2
8,32.23,6.14,0.19
8,30.43,6.14,0.2
8,30.93,6.11,0.2
8,32.19,6.19,0.19
8,32.02,6.18,0.19
8,31.21,6.16,0.2
8,31.47,6.15,0.2
8,33.26,6.26,0.19
8,31.03,6.14,0.2
8,29.21,6.05,0.21
8,30.7,6.12,0.2
8,32.0,6.22,0.19
8,30.15,6.13,0.2
8,31.56,6.19,0.2
8,28.19,6.07,0.22
8,30.72,6.1,0.2
8,32.58,6.15,0.19
8,31.61,6.16,0.19
8,31.93,6.19,0.19
8,29.73,6.13,0.21
8,30.92,6.13,0.2
8,30.12,6.08,0.2
8,30.26,6.11,0.2
8,29.19,6.05,0.21
8,30.01,6.12,0.2
8,31.23,6.19,0.2
8,28.65,6.06,0.21
8,31.55,6.16,0.2
8,32.59,6.24,0.19
8,32.58,6.22,0.19
8,32.66,6.16,0.19
8,31.92,6.16,0.19
8,32.12,6.12,0.19
8,33.86,6.23,0.18
8,32.59,6.2,0.19
8,31.76,6.17,0.19
8,33.05,6.22,0.19
8,33.17,6.2,0.19
8,32.42,6.25,0.19
8,30.9,6.16,0.2
8,32.25,6.21,0.19
8,31.03,6.2,0.2
8,29.92,6.12,0.2
8,28.18,6.02,0.21
8,29.22,6.11,0.21
8,29.01,6.08,0.21
8,32.56,6.19,0.19
8,33.45,6.27,0.19
8,31.37,6.13,0.2
8,30.26,6.11,0.2
8,29.78,6.11,0.21
8,33.07,6.23,0.19
8,31.83,6.14,0.19
8,32.68,6.22,0.19
8,29.43,6.09,0.21
8,30.29,6.12,0.2
8,30.73,6.1,0.2
8,30.99,6.19,0.2
8,31.23,6.14,0.2
8,32.1,6.18,0.19
8,29.95,6.1,0.2
8,29.04,6.05,0.21
8,32.71,6.18,0.19
8,29.94,6.14,0.2
8,33.03,6.22,0.19
8,31.28,6.13,0.2
8,30.8,6.16,0.2
8,32.4,6.17,0.19
8,31.73,6.15,0.19
8,30.78,6.14,0.2
8,32.51,6.21,0.19
8,32.66,6.24,0.19
8,31.44,6.18,0.2
8,32.97,6.2,0.19
8,30.24,6.07,0.2
8,31.77,6.21,0.2
8,30.92,6.13,0.2
8,31.67,6.17,0.19
8,30.54,6.11,0.2
8,31.63,6.21,0.2
8,28.68,6.06,0.21
8,33.23,6.2,0.19
8,32.01,6.27,0.2
8,29.7,6.11,0.21
8,33.82,6.21,0.18
8,32.18,6.19,0.19
8,30.07,6.16,0.2
8,32.26,6.15,0.19
8,33.61,6.21,0.18
8,29.16,6.09,0.21
8,31.1,6.16,0.2
8,30.14,6.15,0.2
8,33.35,6.26,0.19
8,31.73,6.14,0.19
8,32.08,6.24,0.19
8,31.11,6.1,0.2
8,30.16,6.09,0.2
8,31.6,6.17,0.2
8,33.09,6.2,0.19
8,32.55,6.1,0.19
8,30.03,6.11,0.2
8,29.85,6.09,0.2
8,29.97,6.11,0.2
8,29.23,6.1,0.21
8,31.37,6.19,0.2
8,29.41,6.09,0.21
8,29.63,6.1,0.21
8,29.13,6.1,0.21
8,27.75,6.01,0.22
8,32.18,6.22,0.19
8,30.31,6.13,0.2
8,31.04,6.17,0.2
8,32.82,6.21,0.19
8,29.99,6.09,0.2
8,31.16,6.14,0.2
8,33.19,6.2,0.19
8,29.75,6.12,0.21
8,29.99,6.11,0.2
8,30.2,6.18,0.2
8,28.77,6.07,0.21
8,33.84,6.19,0.18
8,31.1,6.12,0.2
8,33.29,6.21,0.19
8,30.94,6.11,0.2
8,30.16,6.09,0.2
8,32.13,6.18,0.19
8,30.76,6.13,0.2
8,30.75,6.17,0.2
8,33.47,6.26,0.19
8,33.25,6.18,0.19
8,29.84,6.03,0.2
8,31.17,6.15,0.2
8,31.22,6.19,0.2
8,29.24,6.1,0.21
8,32.68,6.14,0.19
8,31.96,6.18,0.19
8,30.89,6.1,0.2
8,31.4,6.18,0.2
8,31.91,6.23,0.2
8,27.76,6.01,0.22
8,30.65,6.17,0.2
8,30.92,6.12,0.2
8,30.94,6.16,0.2
8,31.22,6.18,0.2
8,31.9,6.18,0.19
8,31.25,6.15,0.2
8,29.78,6.1,0.2
8,30.96,6.11,0.2
8,32.06,6.18,0.19
8,30.97,6.14,0.2
8,31.6,6.16,0.2
8,32.43,6.2,0.19
8,31.02,6.11,0.2
8,31.38,6.12,0.2
8,30.11,6.14,0.2
8,33.57,6.17,0.18
8,31.32,6.14,0.2
8,29.79,6.09,0.2
8,31.83,6.13,0.19
8,32.15,6.13,0.19
8,28.81,6.1,0.21
8,28.19,6.07,0.22
8,31.03,6.14,0.2
8,29.88,6.12,0.2
8,32.82,6.18,0.19
8,31.17,6.17,0.2
8,31.18,6.2,0.2
8,32.91,6.17,0.19
8,30.53,6.15,0.2
8,31.59,6.1,0.19
8,28.26,6.05,0.21
8,31.04,6.16,0.2
8,31.2,6.16,0.2
8,33.32,6.2,0.19
8,29.78,6.08,0.2
8,29.6,6.1,0.21
8,30.74,6.13,0.2
8,31.36,6.14,0.2
8,32.31,6.13,0.19
8,31.51,6.16,0.2
8,31.47,6.19,0.2
8,30.93,6.11,0.2
8,31.55,6.23,0.2
8,31.56,6.12,0.19
8,29.72,6.11,0.21
8,31.55,6.12,0.19
8,32.75,6.17,0.19
8,31.29,6.16,0.2
8,30.81,6.15,0.2
8,30.07,6.12,0.2
8,32.4,6.17,0.19
8,30.57,6.13,0.2
8,32.84,6.17,0.19
8,32.94,6.19,0.19
8,30.39,6.13,0.2
8,30.79,6.09,0.2
8,32.97,6.19,0.19
8,30.05,6.11,0.2
8,29.15,6.05,0.21
8,32.09,6.15,0.19
8,31.26,6.14,0.2
8,33.39,6.23,0.19
8,28.56,6.05,0.21
8,31.32,6.13,0.2
8,32.61,6.16,0.19
8,31.0,6.15,0.2
8,32.03,6.2,0.19
8,30.86,6.13,0.2
8,30.11,6.07,0.2
8,32.15,6.21,0.19
8,29.63,6.09,0.21
8,31.9,6.14,0.19
8,32.82,6.21,0.19
8,32.82,6.22,0.19
8,30.57,6.12,0.2
8,29.46,6.1,0.21
8,30.16,6.15,0.2
8,28.74,6.08,0.21
8,28.47,6.05,0.21
8,30.72,6.1,0.2
8,31.17,6.12,0.2
8,32.09,6.16,0.19
8,31.81,6.15,0.19
8,32.4,6.19,0.19
8,31.23,6.16,0.2
8,31.82,6.1,0.19
8,30.88,6.18,0.2
8,30.93,6.1,0.2
8,28.91,6.1,0.21
8,28.87,6.05,0.21
8,31.91,6.18,0.19
8,30.53,6.14,0.2
8,32.34,6.18,0.19
8,32.61,6.16,0.19
8,32.29,6.16,0.19
8,30.11,6.14,0.2
8,29.06,6.09,0.21
8,30.85,6.13,0.2
8,30.88,6.11,0.2
8,31.12,6.14,0.2
8,33.31,6.19,0.19
8,31.2,6.15,0.2
8,31.45,6.17,0.2
8,30.88,6.15,0.2
8,31.59,6.2,0.2
8,32.64,6.19,0.19
8,29.9,6.15,0.21
8,31.01,6.14,0.2
8,29.77,6.05,0.2
8,32.59,6.14,0.19
8,29.94,6.06,0.2
8,28.15,6.08,0.22
8,31.64,6.11,0.19
8,31.78,6.1,0.19
8,31.23,6.15,0.2
8,30.99,6.12,0.2
8,32.39,6.25,0.19
8,31.61,6.18,0.2
8,31.97,6.18,0.19
8,31.44,6.14,0.2
8,32.27,6.21,0.19
8,33.11,6.18,0.19
8,31.77,6.16,0.19
8,30.66,6.15,0.2
8,31.0,6.15,0.2
8,30.25,6.08,0.2
8,29.73,6.12,0.21
8,32.08,6.15,0.19
8,31.04,6.15,0.2
8,31.04,6.17,0.2
8,32.54,6.2,0.19
8,32.07,6.18,0.19
8,30.99,6.19,0.2
8,31.52,6.15,0.2
8,28.92,6.11,0.21
8,30.49,6.1,0.2
8,31.51,6.17,0.2
8,28.65,6.08,0.21
8,32.09,6.23,0.19
8,29.35,6.07,0.21
8,31.58,6.18,0.2
8,28.62,6.03,0.21
8,33.33,6.23,0.19
8,29.12,6.08,0.21
8,31.29,6.14,0.2
8,30.27,6.12,0.2
8,32.69,6.18,0.19
8,32.21,6.18,0.19
8,33.18,6.21,0.19
8,32.51,6.22,0.19
8,32.87,6.19,0.19
8,31.25,6.14,0.2
8,30.6,6.12,0.2
8,31.17,6.12,0.2
8,29.92,6.08,0.2
8,30.79,6.12,0.2
8,31.43,6.18,0.2
8,32.06,6.19,0.19
8,29.85,6.11,0.2
8,31.03,6.1,0.2
8,32.82,6.2,0.19
8,31.57,6.2,0.2
8,31.14,6.18,0.2
8,29.58,6.09,0.21
8,28.42,6.05,0.21
8,31.77,6.15,0.19
8,32.97,6.19,0.19
8,30.77,6.09,0.2
8,32.49,6.19,0.19
8,31.06,6.16,0.2
8,28.86,6.07,0.21
8,31.32,6.14,0.2
8,32.2,6.21,0.19
8,29.97,6.06,0.2
8,33.0,6.18,0.19
8,31.47,6.13,0.19
8,33.16,6.19,0.19
8,31.92,6.15,0.19
8,31.1,6.18,0.2
8,29.0,6.07,0.21
8,32.55,6.19,0.19
8,31.36,6.18,0.2
8,31.59,6.18,0.2
8,28.17,6.05,0.21
8,31.3,6.12,0.2
8,30.99,6.11,0.2
8,30.36,6.14,0.2
8,33.36,6.29,0.19
8,28.83,6.06,0.21
8,31.51,6.16,0.2
8,29.95,6.1,0.2
8,31.81,6.2,0.19
8,31.89,6.12,0.19
8,32.73,6.17,0.19
8,30.07,6.17,0.21
8,30.1,6.13,0.2
8,29.54,6.11,0.21
8,31.07,6.15,0.2
8,29.91,6.08,0.2
8,32.28,6.22,0.19
8,31.44,6.14,0.2
8,29.79,6.06,0.2
8,30.61,6.11,0.2
8,31.77,6.18,0.19
8,32.38,6.16,0.19
8,28.68,6.05,0.21
8,33.14,6.21,0.19
8,31.17,6.17,0.2
8,32.03,6.19,0.19
8,32.4,6.26,0.19
8,30.03,6.08,0.2
8,29.17,6.05,0.21
8,32.1,6.21,0.19
8,31.34,6.17,0.2
8,27.99,6.05,0.22
8,31.33,6.17,0.2
8,30.39,6.09,0.2
8,32.24,6.14,0.19
8,32.37,6.23,0.19
8,30.44,6.1,0.2
8,29.96,6.12,0.2
8,28.86,6.09,0.21
8,30.61,6.12,0.2
8,32.6,6.2,0.19
8,31.74,6.15,0.19
8,29.63,6.06,0.2
8,31.96,6.19,0.19
8,31.33,6.15,0.2
8,32.32,6.19,0.19
8,31.43,6.13,0.19
8,29.44,6.07,0.21
8,32.35,6.18,0.19
8,29.66,6.08,0.21
8,30.89,6.18,0.2
8,31.5,6.14,0.19
8,29.92,6.13,0.2
8,32.83,6.2,0.19
8,29.48,6.11,0.21
8,31.22,6.15,0.2
8,31.73,6.16,0.19
8,29.28,6.1,0.21
8,30.84,6.14,0.2
8,31.46,6.14,0.2
8,32.27,6.2,0.19
8,30.56,6.11,0.2
8,30.61,6.08,0.2
8,30.56,6.12,0.2
8,29.66,6.11,0.21
8,32.81,6.25,0.19
8,29.78,6.11,0.21
8,31.62,6.14,0.19
