dataset,depth,split,method,restricted_class,beta_p,gap,time,gamma,train_acc,test_acc,train_prec,test_prec
blsc,2,1,C-PIP,0,0.88,,924.5418558,0,0.91,0.892,0.925,0.92
blsc,2,2,C-PIP,0,0.88,,861.3009751,0,0.923,0.93,0.962,0.986
blsc,2,3,C-PIP,0,0.88,,1452.785329,0,0.891,0.879,0.953,0.971
blsc,2,4,C-PIP,0,0.88,,894.3811748,0,0.923,0.86,0.918,0.848
blsc,2,1,C-PIP,0,0.89,,960.8649859,0,0.915,0.885,0.918,0.907
blsc,2,2,C-PIP,0,0.89,,876.4429574,0,0.925,0.885,0.929,0.944
blsc,2,3,C-PIP,0,0.89,,1364.992153,0,0.932,0.879,0.967,0.985
blsc,2,4,C-PIP,0,0.89,,916.4554958,0,0.925,0.879,0.946,0.882
blsc,2,1,C-PIP,0,0.9,,996.6559834,0,0.927,0.879,0.921,0.907
blsc,2,2,C-PIP,0,0.9,,1090.011257,0,0.925,0.885,0.925,0.944
blsc,2,3,C-PIP,0,0.9,,1495.727087,0,0.91,0.898,0.914,0.908
blsc,2,4,C-PIP,0,0.9,,760.4110882,0,0.915,0.885,0.922,0.882
blsc,2,1,C-PIP,0,0.91,,1141.49442,0,0.91,0.879,0.917,0.896
blsc,2,2,C-PIP,0,0.91,,1237.096674,0,0.923,0.93,0.962,0.986
blsc,2,3,C-PIP,0,0.91,,1421.565627,0,0.932,0.879,0.967,0.985
blsc,2,4,C-PIP,0,0.91,,813.3904872,0,0.927,0.873,0.934,0.88
blsc,2,1,C-PIP,0,0.92,,831.4889934,0,0.927,0.873,0.925,0.895
blsc,2,2,C-PIP,0,0.92,,1364.674439,0,0.923,0.924,0.945,0.945
blsc,2,3,C-PIP,0,0.92,,1260.92605,0,0.949,0.879,0.981,0.955
blsc,2,4,C-PIP,0,0.92,,1191.226864,0,0.912,0.854,0.926,0.835
blsc,2,1,C-PIP,0,0.93,,1009.886315,0,0.908,0.86,0.941,0.904
blsc,2,2,C-PIP,0,0.93,,914.6355593,0,0.902,0.898,0.94,0.958
blsc,2,3,C-PIP,0,0.93,,967.7346599,0,0.893,0.879,0.949,0.957
blsc,2,4,C-PIP,0,0.93,,1226.338916,0,0.91,0.879,0.938,0.87
blsc,2,1,C-PIP,0,0.94,,1018.824507,0,0.908,0.885,0.946,0.908
blsc,2,2,C-PIP,0,0.94,,1120.12569,0,0.923,0.93,0.962,0.986
blsc,2,3,C-PIP,0,0.94,,1474.000865,0,0.947,0.866,0.972,0.969
blsc,2,4,C-PIP,0,0.94,,1134.32458,0,0.91,0.879,0.95,0.87
blsc,2,1,C-PIP,0,0.95,,1012.498654,0,0.904,0.898,0.954,0.959
blsc,2,2,C-PIP,0,0.95,,847.6023791,0,0.902,0.898,0.958,0.985
blsc,2,3,C-PIP,0,0.95,,1236.248555,0,0.932,0.892,0.967,0.985
blsc,2,4,C-PIP,0,0.95,,1173.441218,0,0.906,0.879,0.95,0.848
blsc,2,1,C-PIP,0,0.96,,1411.679453,0,0.9,0.873,0.976,0.905
blsc,2,2,C-PIP,0,0.96,,972.2329021,0,0.919,0.936,0.962,0.972
blsc,2,3,C-PIP,0,0.96,,1537.832518,0,0.936,0.892,0.967,0.985
blsc,2,4,C-PIP,0,0.96,,1309.641171,0,0.9,0.86,0.986,0.93
blsc,2,1,C-PIP,0,0.97,,1240.038288,0,0.902,0.86,0.986,0.941
blsc,2,2,C-PIP,0,0.97,,889.364908,0,0.895,0.885,0.976,0.971
blsc,2,3,C-PIP,0,0.97,,1420.741949,0,0.929,0.898,0.976,0.971
blsc,2,4,C-PIP,0,0.97,,1211.027013,0,0.895,0.885,0.981,0.957
blsc,3,1,C-PIP,0,0.88,,1555.614756,0,0.94,0.885,0.938,0.92
blsc,3,2,C-PIP,0,0.88,,1699.720361,0,0.906,0.898,0.945,0.921
blsc,3,3,C-PIP,0,0.88,,1580.334238,0,0.919,0.904,0.951,0.92
blsc,3,4,C-PIP,0,0.88,,1617.058804,0,0.925,0.873,0.943,0.882
blsc,3,1,C-PIP,0,0.89,,1584.690848,0,0.932,0.847,0.959,0.929
blsc,3,2,C-PIP,0,0.89,,947.2634645,0,0.788,0.803,0.923,0.919
blsc,3,3,C-PIP,0,0.89,,1589.660059,0,0.91,0.841,0.958,0.952
blsc,3,4,C-PIP,0,0.89,,1682.750289,0,0.921,0.873,0.935,0.917
blsc,3,1,C-PIP,0,0.9,,1297.882978,0,0.947,0.866,0.96,0.918
blsc,3,2,C-PIP,0,0.9,,1297.19214,0,0.808,0.828,0.937,0.951
blsc,3,3,C-PIP,0,0.9,,1705.146091,0,0.87,0.803,0.954,0.967
blsc,3,4,C-PIP,0,0.9,,1578.999438,0,0.929,0.86,0.968,0.925
blsc,3,1,C-PIP,0,0.91,,1765.292155,0,0.942,0.892,0.951,0.934
blsc,3,2,C-PIP,0,0.91,,1219.584447,0,0.838,0.815,0.945,0.906
blsc,3,3,C-PIP,0,0.91,,1538.068295,0,0.949,0.898,0.973,0.944
blsc,3,4,C-PIP,0,0.91,,1401.349034,0,0.919,0.898,0.943,0.932
blsc,3,1,C-PIP,0,0.92,,1309.27487,0,0.953,0.892,0.986,0.959
blsc,3,2,C-PIP,0,0.92,,1425.798509,0,0.927,0.892,0.959,0.944
blsc,3,3,C-PIP,0,0.92,,1940.157334,0,0.929,0.885,0.99,0.97
blsc,3,4,C-PIP,0,0.92,,1573.154593,0,0.949,0.866,0.981,0.914
blsc,3,1,C-PIP,0,0.93,,1475.701784,0,0.936,0.885,0.963,0.921
blsc,3,2,C-PIP,0,0.93,,1879.445568,0,0.932,0.898,0.981,0.985
blsc,3,3,C-PIP,0,0.93,,2048.225204,0,0.88,0.834,0.966,0.938
blsc,3,4,C-PIP,0,0.93,,1435.441522,0,0.915,0.885,0.959,0.919
blsc,3,1,C-PIP,0,0.94,,1455.198372,0,0.921,0.841,0.962,0.925
blsc,3,2,C-PIP,0,0.94,,1738.736825,0,0.936,0.854,0.955,0.945
blsc,3,3,C-PIP,0,0.94,,1063.907487,0,0.844,0.828,0.984,0.966
blsc,3,4,C-PIP,0,0.94,,1864.396465,0,0.919,0.892,0.955,0.932
blsc,3,1,C-PIP,0,0.95,,1797.575526,0,0.936,0.892,0.968,0.957
blsc,3,2,C-PIP,0,0.95,,1893.879736,0,0.921,0.892,0.981,0.957
blsc,3,3,C-PIP,0,0.95,,1877.970128,0,0.876,0.822,0.989,0.968
blsc,3,4,C-PIP,0,0.95,,1849.822319,0,0.942,0.898,0.99,0.957
blsc,3,1,C-PIP,0,0.96,,1147.614005,0,0.906,0.834,0.971,0.925
blsc,3,2,C-PIP,0,0.96,,1737.623535,0,0.904,0.885,0.961,0.971
blsc,3,3,C-PIP,0,0.96,,1658.205753,0,0.75,0.739,0.971,0.977
blsc,3,4,C-PIP,0,0.96,,1718.045783,0,0.929,0.898,0.967,0.985
blsc,3,1,C-PIP,0,0.97,,1396.294647,0,0.915,0.834,0.974,0.967
blsc,3,2,C-PIP,0,0.97,,1637.383327,0,0.874,0.866,0.974,0.94
blsc,3,3,C-PIP,0,0.97,,1908.90339,0,0.944,0.904,0.982,0.956
blsc,3,4,C-PIP,0,0.97,,1511.333925,0,0.91,0.904,0.972,0.986
blsc,4,1,C-PIP,0,0.88,,1428.553185,0,0.949,0.854,0.977,0.914
blsc,4,2,C-PIP,0,0.88,,1329.491647,0,0.932,0.815,0.99,0.938
blsc,4,3,C-PIP,0,0.88,,1901.206349,0,0.962,0.885,0.964,0.896
blsc,4,4,C-PIP,0,0.88,,1599.8491,0,0.964,0.866,0.977,0.882
blsc,4,1,C-PIP,0,0.89,,1283.50302,0,0.953,0.885,0.977,0.944
blsc,4,2,C-PIP,0,0.89,,1449.311562,0,0.947,0.841,0.986,0.912
blsc,4,3,C-PIP,0,0.89,,1743.287274,0,0.955,0.854,0.96,0.904
blsc,4,4,C-PIP,0,0.89,,1425.347513,0,0.953,0.854,0.947,0.868
blsc,4,1,C-PIP,0,0.9,,1191.572518,0,0.949,0.86,0.959,0.88
blsc,4,2,C-PIP,0,0.9,,1415.214407,0,0.921,0.815,0.966,0.871
blsc,4,3,C-PIP,0,0.9,,1513.215313,0,0.921,0.854,0.951,0.838
blsc,4,4,C-PIP,0,0.9,,1629.206881,0,0.912,0.866,0.942,0.878
blsc,4,1,C-PIP,0,0.91,,1545.331448,0,0.957,0.828,0.977,0.851
blsc,4,2,C-PIP,0,0.91,,1618.918319,0,0.94,0.854,0.958,0.928
blsc,4,3,C-PIP,0,0.91,,1501.261335,0,0.925,0.86,0.95,0.901
blsc,4,4,C-PIP,0,0.91,,1304.453394,0,0.932,0.834,0.956,0.825
blsc,4,1,C-PIP,0,0.92,,1750.078906,0,0.938,0.866,0.968,0.913
blsc,4,2,C-PIP,0,0.92,,1776.700317,0,0.927,0.834,0.971,0.938
blsc,4,3,C-PIP,0,0.92,,1140.621039,0,0.906,0.879,0.931,0.915
blsc,4,4,C-PIP,0,0.92,,1821.112671,0,0.936,0.828,0.968,0.844
blsc,4,1,C-PIP,0,0.93,,1489.17372,0,0.938,0.834,0.963,0.912
blsc,4,2,C-PIP,0,0.93,,2424.035841,0,0.947,0.873,0.981,0.904
blsc,4,3,C-PIP,0,0.93,,1798.652102,0,0.962,0.885,0.964,0.957
blsc,4,4,C-PIP,0,0.93,,1432.700299,0,0.934,0.847,0.986,0.924
blsc,4,1,C-PIP,0,0.94,,1406.379982,0,0.923,0.873,0.981,0.915
blsc,4,2,C-PIP,0,0.94,,1956.736649,0,0.942,0.873,0.959,0.917
blsc,4,3,C-PIP,0,0.94,,1972.253858,0,0.897,0.803,0.943,0.964
blsc,4,4,C-PIP,0,0.94,,2021.929199,0,0.947,0.847,0.964,0.868
blsc,4,1,C-PIP,0,0.95,,1752.530721,0,0.934,0.815,0.967,0.857
blsc,4,2,C-PIP,0,0.95,,1705.884138,0,0.957,0.847,0.991,0.984
blsc,4,3,C-PIP,0,0.95,,2021.742633,0,0.925,0.86,0.962,0.917
blsc,4,4,C-PIP,0,0.95,,2133.984689,0,0.927,0.854,0.977,0.926
blsc,4,1,C-PIP,0,0.96,,1746.193133,0,0.934,0.866,0.968,0.87
blsc,4,2,C-PIP,0,0.96,,2348.149179,0,0.949,0.834,0.971,0.863
blsc,4,3,C-PIP,0,0.96,,1294.387038,0,0.882,0.815,0.961,0.934
blsc,4,4,C-PIP,0,0.96,,2246.489689,0,0.947,0.841,0.977,0.91
blsc,4,1,C-PIP,0,0.97,,2530.705526,0,0.955,0.841,0.99,0.929
blsc,4,2,C-PIP,0,0.97,,1982.658047,0,0.934,0.834,0.985,0.955
blsc,4,3,C-PIP,0,0.97,,2439.01282,0,0.929,0.879,0.99,0.984
blsc,4,4,C-PIP,0,0.97,,1596.281447,0,0.938,0.86,0.982,0.895
blsc,2,1,FlowOCT,0,0.88,0,285.4557228,0,0.588,0.599,0.900,0.833
blsc,2,1,FlowOCT,0,0.89,0,197.8356531,0,0.588,0.599,0.900,0.833
blsc,2,1,FlowOCT,0,0.9,0,264.803515,0,0.588,0.599,0.900,0.833
blsc,2,1,FlowOCT,0,0.91,0,640.6222479,0,0.506,0.478,1.000,0.750
blsc,2,1,FlowOCT,0,0.92,0,338.65763,0,0.506,0.478,1.000,0.750
blsc,2,1,FlowOCT,0,0.93,0,473.1872849,0,0.506,0.478,1.000,0.750
blsc,2,1,FlowOCT,0,0.94,0,591.4765859,0,0.506,0.478,1.000,0.750
blsc,2,1,FlowOCT,0,0.95,0,437.9592462,0,0.506,0.478,1.000,0.750
blsc,2,1,FlowOCT,0,0.96,0,488.662596,0,0.506,0.478,1.000,0.750
blsc,2,1,FlowOCT,0,0.97,0,482.1648729,0,0.506,0.478,1.000,0.750
blsc,2,2,FlowOCT,0,0.88,0,302.626308,0,0.585,0.605,0.889,0.857
blsc,2,2,FlowOCT,0,0.89,0,643.5982301,0,0.502,0.478,0.952,0.750
blsc,2,2,FlowOCT,0,0.9,0,590.6464779,0,0.502,0.478,0.952,0.750
blsc,2,2,FlowOCT,0,0.91,0,715.420367,0,0.502,0.478,0.952,0.750
blsc,2,2,FlowOCT,0,0.92,0,327.6172831,0,0.502,0.478,0.952,0.750
blsc,2,2,FlowOCT,0,0.93,0,801.1996441,0,0.502,0.478,0.952,0.750
blsc,2,2,FlowOCT,0,0.94,0,589.2058041,0,0.502,0.478,0.952,0.750
blsc,2,2,FlowOCT,0,0.95,0,468.782198,0,0.502,0.478,0.952,0.750
blsc,2,2,FlowOCT,0,0.96,0,840.587935,0,0.498,0.503,1.000,0.875
blsc,2,2,FlowOCT,0,0.97,0,1433.473785,0,0.498,0.503,1.000,0.875
blsc,2,3,FlowOCT,0,0.88,0,190.7088101,0,0.598,0.567,0.918,0.778
blsc,2,3,FlowOCT,0,0.89,0,370.376966,0,0.598,0.567,0.918,0.778
blsc,2,3,FlowOCT,0,0.9,0,576.7576399,0,0.598,0.567,0.918,0.778
blsc,2,3,FlowOCT,0,0.91,0,213.542721,0,0.598,0.567,0.918,0.778
blsc,2,3,FlowOCT,0,0.92,0,353.2257221,0,0.502,0.490,0.952,1.000
blsc,2,3,FlowOCT,0,0.93,0,294.913342,0,0.502,0.490,0.952,1.000
blsc,2,3,FlowOCT,0,0.94,0,357.876251,0,0.502,0.490,0.952,1.000
blsc,2,3,FlowOCT,0,0.95,0,224.0688431,0,0.502,0.490,0.952,1.000
blsc,2,3,FlowOCT,0,0.96,0,181.7978179,0,0.500,0.497,1.000,0.833
blsc,2,3,FlowOCT,0,0.97,0,598.9126599,0,0.500,0.497,1.000,0.833
blsc,2,4,FlowOCT,0,0.88,0,200.5836902,0,0.596,0.573,0.919,0.769
blsc,2,4,FlowOCT,0,0.89,0,233.1825809,0,0.596,0.573,0.919,0.769
blsc,2,4,FlowOCT,0,0.9,0,379.1357322,0,0.596,0.573,0.919,0.769
blsc,2,4,FlowOCT,0,0.91,0,460.4856369,0,0.596,0.573,0.919,0.769
blsc,2,4,FlowOCT,0,0.92,0,1263.809342,0,0.506,0.478,1.000,0.667
blsc,2,4,FlowOCT,0,0.93,0,344.473758,0,0.506,0.478,1.000,0.667
blsc,2,4,FlowOCT,0,0.94,0,134.70439,0,0.506,0.478,1.000,0.667
blsc,2,4,FlowOCT,0,0.95,0,340.6077309,0,0.506,0.478,1.000,0.667
blsc,2,4,FlowOCT,0,0.96,0,264.1260359,0,0.506,0.478,1.000,0.667
blsc,2,4,FlowOCT,0,0.97,0,288.017942,0,0.506,0.478,1.000,0.667
blsc,3,1,FlowOCT,0,0.88,0.812834225,3600.140553,0,0.677,0.694,0.893,0.974
blsc,3,1,FlowOCT,0,0.89,0.809964784,3600.316597,0,0.677,0.694,0.915,0.907
blsc,3,1,FlowOCT,0,0.9,0,2469.202214,0,0.677,0.694,0.922,0.889
blsc,3,1,FlowOCT,0,0.91,0.77540107,3600.380213,0,0.677,0.694,0.915,0.907
blsc,3,1,FlowOCT,0,0.92,0.684491979,3600.178732,0,0.677,0.694,0.922,0.889
blsc,3,1,FlowOCT,0,0.93,0.842342342,3600.30783,0,0.583,0.586,0.983,0.955
blsc,3,1,FlowOCT,0,0.94,0.837837838,3600.452068,0,0.583,0.586,0.983,0.955
blsc,3,1,FlowOCT,0,0.95,0.801801802,3600.329771,0,0.583,0.586,0.983,0.955
blsc,3,1,FlowOCT,0,0.96,0.816143498,3600.218942,0,0.620,0.599,0.974,0.957
blsc,3,1,FlowOCT,0,0.97,0.765765766,3600.274747,0,0.583,0.586,0.983,0.955
blsc,3,2,FlowOCT,0,0.88,0.246753247,3600.087974,0,0.684,0.701,0.902,0.929
blsc,3,2,FlowOCT,0,0.89,0.117647059,3600.08072,0,0.686,0.707,0.891,0.872
blsc,3,2,FlowOCT,0,0.9,0.032467532,3600.104442,0,0.684,0.701,0.910,0.907
blsc,3,2,FlowOCT,0,0.91,0.064102564,3600.08404,0,0.679,0.713,0.916,0.891
blsc,3,2,FlowOCT,0,0.92,0.234972678,3600.139887,0,0.622,0.605,0.939,0.893
blsc,3,2,FlowOCT,0,0.93,0.213114754,3600.170291,0,0.622,0.605,0.939,0.893
blsc,3,2,FlowOCT,0,0.94,0.179347826,3600.126543,0,0.620,0.611,0.950,0.960
blsc,3,2,FlowOCT,0,0.95,0.201086957,3600.175521,0,0.620,0.611,0.950,0.960
blsc,3,2,FlowOCT,0,0.96,0.290322581,3600.078394,0,0.615,0.637,0.961,0.966
blsc,3,2,FlowOCT,0,0.97,0.23655914,3600.072838,0,0.615,0.637,0.973,0.933
blsc,3,3,FlowOCT,0,0.88,0.029145729,3600.257057,0,0.701,0.675,0.883,0.813
blsc,3,3,FlowOCT,0,0.89,0.056716418,3600.095005,0,0.699,0.669,0.914,0.809
blsc,3,3,FlowOCT,0,0.9,0,3050.627134,0,0.699,0.669,0.914,0.809
blsc,3,3,FlowOCT,0,0.91,0.113432836,3600.258455,0,0.699,0.669,0.914,0.809
blsc,3,3,FlowOCT,0,0.92,0,3079.150914,0,0.694,0.669,0.942,0.822
blsc,3,3,FlowOCT,0,0.93,0,2869.192159,0,0.694,0.669,0.942,0.822
blsc,3,3,FlowOCT,0,0.94,0,2835.818867,0,0.694,0.669,0.942,0.822
blsc,3,3,FlowOCT,0,0.95,0.140752864,3600.098354,0,0.632,0.586,0.976,0.909
blsc,3,3,FlowOCT,0,0.96,0.144026187,3600.112925,0,0.632,0.573,0.964,0.955
blsc,3,3,FlowOCT,0,0.97,0.132569558,3600.117827,0,0.632,0.586,0.976,0.909
blsc,3,4,FlowOCT,0,0.88,0,2342.942512,0,0.701,0.675,0.903,0.765
blsc,3,4,FlowOCT,0,0.89,0,2952.847597,0,0.701,0.675,0.903,0.765
blsc,3,4,FlowOCT,0,0.9,0,1951.378215,0,0.701,0.675,0.903,0.765
blsc,3,4,FlowOCT,0,0.91,0,3512.320967,0,0.697,0.675,0.914,0.809
blsc,3,4,FlowOCT,0,0.92,0,2071.776809,0,0.694,0.669,0.935,0.833
blsc,3,4,FlowOCT,0,0.93,0,2369.451844,0,0.694,0.669,0.935,0.833
blsc,3,4,FlowOCT,0,0.94,0.167078189,3600.162492,0,0.635,0.592,0.944,0.846
blsc,3,4,FlowOCT,0,0.95,0.150528885,3600.091601,0,0.630,0.592,0.976,0.913
blsc,3,4,FlowOCT,0,0.96,0.152969894,3600.112905,0,0.630,0.592,0.976,0.913
blsc,3,4,FlowOCT,0,0.97,0.082994304,3600.053847,0,0.630,0.592,0.976,0.913
blsc,4,1,FlowOCT,0,0.88,1,3600.175171,0,0.756,0.726,0.901,0.828
blsc,4,1,FlowOCT,0,0.89,1,3600.211628,0,0.737,0.701,0.963,0.930
blsc,4,1,FlowOCT,0,0.9,1,3600.179234,0,0.763,0.732,0.901,0.873
blsc,4,1,FlowOCT,0,0.91,1,3600.164902,0,0.729,0.701,0.915,0.875
blsc,4,1,FlowOCT,0,0.92,1,3600.179534,0,0.741,0.707,0.930,0.913
blsc,4,1,FlowOCT,0,0.93,1,3600.214888,0,0.688,0.631,0.932,0.745
blsc,4,1,FlowOCT,0,0.94,1,3600.373799,0,0.682,0.650,0.946,0.865
blsc,4,1,FlowOCT,0,0.95,1,3600.318909,0,0.690,0.694,0.956,0.905
blsc,4,1,FlowOCT,0,0.96,1,3600.762016,0,0.705,0.707,0.974,0.930
blsc,4,1,FlowOCT,0,0.97,1,3600.974819,0,0.650,0.643,0.989,0.882
blsc,4,2,FlowOCT,0,0.88,0.964028777,3600.167418,0,0.724,0.720,0.892,0.833
blsc,4,2,FlowOCT,0,0.89,0.96350365,3600.187451,0,0.731,0.726,0.893,0.880
blsc,4,2,FlowOCT,0,0.9,0.963768116,3600.253005,0,0.733,0.720,0.900,0.818
blsc,4,2,FlowOCT,0,0.91,0.977272727,3600.201955,0,0.645,0.599,0.917,0.920
blsc,4,2,FlowOCT,0,0.92,0.964028777,3600.230867,0,0.729,0.720,0.923,0.804
blsc,4,2,FlowOCT,0,0.93,0.964285714,3600.31722,0,0.724,0.720,0.941,0.863
blsc,4,2,FlowOCT,0,0.94,0.971631206,3600.170969,0,0.724,0.739,0.941,0.918
blsc,4,2,FlowOCT,0,0.95,0.964539007,3600.186633,0,0.726,0.739,0.954,0.957
blsc,4,2,FlowOCT,0,0.96,0.964788732,3600.126727,0,0.722,0.732,0.961,0.956
blsc,4,2,FlowOCT,0,0.97,0.967105263,3600.273377,0,0.697,0.713,0.974,0.952
blsc,4,3,FlowOCT,0,0.88,0.994780793,3600.158287,0,0.776,0.707,0.902,0.750
blsc,4,3,FlowOCT,0,0.89,0.996413934,3600.185098,0,0.771,0.720,0.901,0.758
blsc,4,3,FlowOCT,0,0.9,0.994780793,3600.180279,0,0.776,0.707,0.902,0.750
blsc,4,3,FlowOCT,0,0.91,0.996516165,3600.154247,0,0.763,0.694,0.914,0.763
blsc,4,3,FlowOCT,0,0.92,0.994923858,3600.145433,0,0.769,0.707,0.921,0.770
blsc,4,3,FlowOCT,0,0.93,0.996735733,3600.263514,0,0.741,0.669,0.950,0.813
blsc,4,3,FlowOCT,0,0.94,0.996035386,3600.237519,0,0.744,0.701,0.964,0.824
blsc,4,3,FlowOCT,0,0.95,0.995425435,3600.12781,0,0.744,0.701,0.964,0.824
blsc,4,3,FlowOCT,0,0.96,0.995425435,3600.270383,0,0.744,0.701,0.964,0.824
blsc,4,3,FlowOCT,0,0.97,0.995954693,3600.262317,0,0.709,0.694,0.975,0.902
blsc,4,4,FlowOCT,0,0.88,0.967741936,3600.309255,0,0.759,0.713,0.892,0.787
blsc,4,4,FlowOCT,0,0.89,0.957627119,3600.142867,0,0.771,0.707,0.896,0.767
blsc,4,4,FlowOCT,0,0.9,0.962406015,3600.212531,0,0.737,0.682,0.901,0.750
blsc,4,4,FlowOCT,0,0.91,0.962686567,3600.321071,0,0.735,0.682,0.913,0.750
blsc,4,4,FlowOCT,0,0.92,0.96350365,3600.430333,0,0.729,0.688,0.923,0.782
blsc,4,4,FlowOCT,0,0.93,0.962686567,3600.153809,0,0.737,0.688,0.931,0.867
blsc,4,4,FlowOCT,0,0.94,0.968152866,3600.23889,0,0.690,0.631,0.941,0.762
blsc,4,4,FlowOCT,0,0.95,0.97260274,3600.157975,0,0.709,0.682,0.959,0.844
blsc,4,4,FlowOCT,0,0.96,0.967532468,3600.286351,0,0.699,0.650,0.966,0.842
blsc,4,4,FlowOCT,0,0.97,0.967320261,3600.279994,0,0.701,0.656,0.974,0.800
blsc,2,1,C-BinOCT,0,0.88,0,3.991219997,0,0.596,0.592,0.893,0.880
blsc,2,1,C-BinOCT,0,0.89,0,3.227838993,0,0.596,0.592,0.893,0.880
blsc,2,1,C-BinOCT,0,0.9,0,2.58275795,0,0.588,0.599,0.900,0.833
blsc,2,1,C-BinOCT,0,0.91,0,3.159475088,0,0.564,0.573,0.926,0.905
blsc,2,1,C-BinOCT,0,0.92,0,2.637001038,0,0.564,0.573,0.926,0.905
blsc,2,1,C-BinOCT,0,0.93,0,3.058478117,0,0.536,0.529,0.947,0.917
blsc,2,1,C-BinOCT,0,0.94,0,4.236819983,0,0.536,0.529,0.947,0.917
blsc,2,1,C-BinOCT,0,0.95,0,3.124668121,0,0.534,0.529,0.971,0.800
blsc,2,1,C-BinOCT,0,0.96,0,4.309234858,0,0.534,0.529,0.971,0.800
blsc,2,1,C-BinOCT,0,0.97,0,2.557641983,0,0.534,0.529,0.971,0.800
blsc,2,2,C-BinOCT,0,0.88,0,2.709949017,0,0.594,0.567,0.903,0.786
blsc,2,2,C-BinOCT,0,0.89,0,3.402509928,0,0.594,0.567,0.903,0.786
blsc,2,2,C-BinOCT,0,0.9,0,2.476305008,0,0.594,0.567,0.903,0.786
blsc,2,2,C-BinOCT,0,0.91,0,4.194931984,0,0.566,0.567,0.929,0.895
blsc,2,2,C-BinOCT,0,0.92,0,3.355854988,0,0.566,0.567,0.929,0.895
blsc,2,2,C-BinOCT,0,0.93,0,2.323719025,0,0.538,0.522,0.974,0.833
blsc,2,2,C-BinOCT,0,0.94,0,4.340451956,0,0.538,0.522,0.974,0.833
blsc,2,2,C-BinOCT,0,0.95,0,3.228013992,0,0.538,0.522,0.974,0.833
blsc,2,2,C-BinOCT,0,0.96,0,4.761978149,0,0.538,0.522,0.974,0.833
blsc,2,2,C-BinOCT,0,0.97,0,2.291365862,0,0.538,0.522,0.974,0.833
blsc,2,3,C-BinOCT,0,0.88,0,3.53780508,0,0.598,0.567,0.918,0.778
blsc,2,3,C-BinOCT,0,0.89,0,2.571398973,0,0.598,0.567,0.918,0.778
blsc,2,3,C-BinOCT,0,0.9,0,2.144265175,0,0.598,0.567,0.918,0.778
blsc,2,3,C-BinOCT,0,0.91,0,2.054019213,0,0.598,0.567,0.918,0.778
blsc,2,3,C-BinOCT,0,0.92,0,2.350093126,0,0.575,0.541,0.933,0.867
blsc,2,3,C-BinOCT,0,0.93,0,3.849890947,0,0.575,0.541,0.933,0.867
blsc,2,3,C-BinOCT,0,0.94,0,3.30043602,0,0.566,0.567,0.945,0.850
blsc,2,3,C-BinOCT,0,0.95,0,4.350563049,0,0.536,0.529,0.973,0.846
blsc,2,3,C-BinOCT,0,0.96,0,2.096163034,0,0.536,0.529,0.973,0.846
blsc,2,3,C-BinOCT,0,0.97,0,3.674892902,0,0.536,0.529,0.973,0.846
blsc,2,4,C-BinOCT,0,0.88,0,4.140712976,0,0.600,0.580,0.896,0.870
blsc,2,4,C-BinOCT,0,0.89,0,3.540902138,0,0.600,0.580,0.896,0.870
blsc,2,4,C-BinOCT,0,0.9,0,2.604662895,0,0.596,0.573,0.919,0.769
blsc,2,4,C-BinOCT,0,0.91,0,2.086205959,0,0.596,0.573,0.919,0.769
blsc,2,4,C-BinOCT,0,0.92,0,2.62984395,0,0.573,0.548,0.948,0.824
blsc,2,4,C-BinOCT,0,0.93,0,1.997401953,0,0.573,0.548,0.948,0.824
blsc,2,4,C-BinOCT,0,0.94,0,2.496041059,0,0.573,0.548,0.948,0.824
blsc,2,4,C-BinOCT,0,0.95,0,2.54511404,0,0.541,0.510,0.950,0.800
blsc,2,4,C-BinOCT,0,0.96,0,3.368089914,0,0.506,0.478,1.000,0.667
blsc,2,4,C-BinOCT,0,0.97,0,3.128633022,0,0.506,0.478,1.000,0.667
blsc,3,1,C-BinOCT,0,0.88,0.969013061,3600.112221,0,0.771,0.694,0.883,0.754
blsc,3,1,C-BinOCT,0,0.89,0.968479458,3600.102073,0,0.767,0.675,0.890,0.754
blsc,3,1,C-BinOCT,0,0.9,0.977322542,3600.073255,0,0.735,0.701,0.912,0.872
blsc,3,1,C-BinOCT,0,0.91,0.974083561,3600.504832,0,0.735,0.701,0.912,0.872
blsc,3,1,C-BinOCT,0,0.92,0.971487166,3600.058663,0,0.731,0.682,0.923,0.884
blsc,3,1,C-BinOCT,0,0.93,0.98638577,3600.089817,0,0.709,0.682,0.930,0.848
blsc,3,1,C-BinOCT,0,0.94,0.977330295,3600.082912,0,0.692,0.656,0.940,0.895
blsc,3,1,C-BinOCT,0,0.95,0.976248548,3600.102355,0,0.684,0.643,0.955,0.912
blsc,3,1,C-BinOCT,0,0.96,0.983911205,3600.104537,0,0.673,0.631,0.961,0.909
blsc,3,1,C-BinOCT,0,0.97,0.983711998,3600.092529,0,0.652,0.624,0.978,0.824
blsc,3,2,C-BinOCT,0,0.88,0.976242123,3600.088102,0,0.767,0.694,0.768,0.705
blsc,3,2,C-BinOCT,0,0.89,0.981804174,3600.108481,0,0.746,0.669,0.893,0.768
blsc,3,2,C-BinOCT,0,0.9,0.986231223,3600.355587,0,0.737,0.694,0.902,0.905
blsc,3,2,C-BinOCT,0,0.91,0.987403994,3600.072846,0,0.733,0.707,0.924,0.843
blsc,3,2,C-BinOCT,0,0.92,0.984071291,3600.068178,0,0.714,0.682,0.925,0.830
blsc,3,2,C-BinOCT,0,0.93,0.982168815,3600.108407,0,0.722,0.707,0.934,0.857
blsc,3,2,C-BinOCT,0,0.94,0.988602939,3600.134601,0,0.705,0.669,0.943,0.857
blsc,3,2,C-BinOCT,0,0.95,0.988165397,3600.102342,0,0.701,0.637,0.951,0.879
blsc,3,2,C-BinOCT,0,0.96,0.985167708,3600.547916,0,0.692,0.624,0.964,0.842
blsc,3,2,C-BinOCT,0,0.97,0.988921916,3600.115232,0,0.652,0.624,0.978,0.933
blsc,3,3,C-BinOCT,0,0.88,0.976417234,3600.224161,0,0.714,0.726,0.793,0.787
blsc,3,3,C-BinOCT,0,0.89,0.972518621,3600.096043,0,0.741,0.682,0.913,0.820
blsc,3,3,C-BinOCT,0,0.9,0.96252864,3600.40031,0,0.741,0.682,0.913,0.820
blsc,3,3,C-BinOCT,0,0.91,0.967319587,3600.433125,0,0.741,0.682,0.913,0.820
blsc,3,3,C-BinOCT,0,0.92,0.970487223,3600.096404,0,0.729,0.682,0.929,0.841
blsc,3,3,C-BinOCT,0,0.93,0.975612832,3600.084569,0,0.733,0.669,0.930,0.833
blsc,3,3,C-BinOCT,0,0.94,0.973943889,3600.259273,0,0.720,0.669,0.940,0.854
blsc,3,3,C-BinOCT,0,0.95,0.974498246,3600.080721,0,0.694,0.656,0.957,0.872
blsc,3,3,C-BinOCT,0,0.96,0.981226322,3600.080138,0,0.677,0.656,0.963,0.861
blsc,3,3,C-BinOCT,0,0.97,0.97402538,3600.115793,0,0.675,0.643,0.971,0.857
blsc,3,4,C-BinOCT,0,0.88,0.974057499,3600.07839,0,0.754,0.707,0.881,0.807
blsc,3,4,C-BinOCT,0,0.89,0.981676017,3600.094939,0,0.744,0.713,0.892,0.807
blsc,3,4,C-BinOCT,0,0.9,0.979871452,3600.07749,0,0.739,0.701,0.901,0.854
blsc,3,4,C-BinOCT,0,0.91,0.987443313,3600.077615,0,0.733,0.707,0.911,0.878
blsc,3,4,C-BinOCT,0,0.92,0.98035731,3600.388392,0,0.726,0.688,0.922,0.837
blsc,3,4,C-BinOCT,0,0.93,0.978127556,3600.413081,0,0.716,0.682,0.932,0.884
blsc,3,4,C-BinOCT,0,0.94,0.978476272,3600.106847,0,0.692,0.656,0.950,0.861
blsc,3,4,C-BinOCT,0,0.95,0.987202494,3600.353021,0,0.679,0.656,0.955,0.914
blsc,3,4,C-BinOCT,0,0.96,0.988108562,3600.499642,0,0.677,0.662,0.963,0.892
blsc,3,4,C-BinOCT,0,0.97,0.989978205,3600.10584,0,0.637,0.586,0.977,1.000
blsc,4,1,C-BinOCT,0,0.88,1,3600.238745,0,0.835,0.828,0.882,0.831
blsc,4,1,C-BinOCT,0,0.89,1,3600.263406,0,0.825,0.764,0.891,0.855
blsc,4,1,C-BinOCT,0,0.9,1,3600.241646,0,0.823,0.777,0.903,0.779
blsc,4,1,C-BinOCT,0,0.91,1,3600.264804,0,0.814,0.752,0.910,0.877
blsc,4,1,C-BinOCT,0,0.92,1,3600.313861,0,0.803,0.713,0.927,0.860
blsc,4,1,C-BinOCT,0,0.93,1,3600.354368,0,0.814,0.720,0.933,0.836
blsc,4,1,C-BinOCT,0,0.94,1,3600.316021,0,0.816,0.739,0.944,0.847
blsc,4,1,C-BinOCT,0,0.95,1,3600.211737,0,0.795,0.713,0.952,0.894
blsc,4,1,C-BinOCT,0,0.96,1,3600.325122,0,0.778,0.694,0.961,0.889
blsc,4,1,C-BinOCT,0,0.97,1,3600.303748,0,0.780,0.732,0.974,0.882
blsc,4,2,C-BinOCT,0,0.88,1,3600.340465,0,0.838,0.758,0.894,0.789
blsc,4,2,C-BinOCT,0,0.89,1,3600.284054,0,0.825,0.771,0.890,0.891
blsc,4,2,C-BinOCT,0,0.9,1,3600.286537,0,0.831,0.752,0.910,0.823
blsc,4,2,C-BinOCT,0,0.91,1,3600.249444,0,0.827,0.777,0.913,0.833
blsc,4,2,C-BinOCT,0,0.92,1,3600.221118,0,0.808,0.732,0.928,0.842
blsc,4,2,C-BinOCT,0,0.93,1,3600.26143,0,0.818,0.752,0.930,0.825
blsc,4,2,C-BinOCT,0,0.94,1,3600.353396,0,0.793,0.771,0.940,0.855
blsc,4,2,C-BinOCT,0,0.95,1,3600.280395,0,0.769,0.713,0.953,0.902
blsc,4,2,C-BinOCT,0,0.96,1,3600.361526,0,0.784,0.726,0.962,0.887
blsc,4,2,C-BinOCT,0,0.97,1,3600.207421,0,0.774,0.720,0.974,0.915
blsc,4,3,C-BinOCT,0,0.88,1,3600.276896,0,0.831,0.796,0.885,0.803
blsc,4,3,C-BinOCT,0,0.89,1,3600.21795,0,0.831,0.809,0.893,0.836
blsc,4,3,C-BinOCT,0,0.9,1,3600.201518,0,0.803,0.713,0.903,0.825
blsc,4,3,C-BinOCT,0,0.91,1,3600.181805,0,0.797,0.726,0.912,0.828
blsc,4,3,C-BinOCT,0,0.92,1,3600.284829,0,0.803,0.771,0.922,0.893
blsc,4,3,C-BinOCT,0,0.93,1,3600.244293,0,0.793,0.739,0.930,0.887
blsc,4,3,C-BinOCT,0,0.94,1,3600.262105,0,0.786,0.726,0.940,0.880
blsc,4,3,C-BinOCT,0,0.95,1,3600.196056,0,0.784,0.682,0.951,0.848
blsc,4,3,C-BinOCT,0,0.96,1,3600.277104,0,0.769,0.713,0.960,0.952
blsc,4,3,C-BinOCT,0,0.97,1,3600.267888,0,0.765,0.701,0.973,0.929
blsc,4,4,C-BinOCT,0,0.88,1,3600.256039,0,0.831,0.815,0.882,0.857
blsc,4,4,C-BinOCT,0,0.89,1,3600.271837,0,0.831,0.752,0.893,0.771
blsc,4,4,C-BinOCT,0,0.9,1,3600.334959,0,0.833,0.764,0.901,0.818
blsc,4,4,C-BinOCT,0,0.91,1,3600.308974,0,0.829,0.745,0.914,0.771
blsc,4,4,C-BinOCT,0,0.92,1,3600.24703,0,0.808,0.771,0.923,0.841
blsc,4,4,C-BinOCT,0,0.93,1,3600.371319,0,0.806,0.752,0.933,0.815
blsc,4,4,C-BinOCT,0,0.94,1,3600.27282,0,0.806,0.745,0.943,0.860
blsc,4,4,C-BinOCT,0,0.95,1,3600.219924,0,0.769,0.771,0.955,0.877
blsc,4,4,C-BinOCT,0,0.96,1,3600.24626,0,0.776,0.758,0.962,0.926
blsc,4,4,C-BinOCT,0,0.97,1,3600.283374,0,0.761,0.745,0.972,0.870
blsc,2,1,U-PIP,,,,182.1299753,,0.912,0.885,0.888,0.896
blsc,2,2,U-PIP,,,,362.9326727,,0.889,0.892,0.928,0.945
blsc,2,3,U-PIP,,,,357.2849746,,0.87,0.822,0.956,0.95
blsc,2,4,U-PIP,,,,341.0122619,,0.919,0.879,0.931,0.883
blsc,3,1,U-PIP,,,,393.7117851,,0.912,0.822,0.943,0.9
blsc,3,2,U-PIP,,,,419.6911082,,0.936,0.86,0.942,0.943
blsc,3,3,U-PIP,,,,422.4500101,,0.938,0.904,0.934,0.943
blsc,3,4,U-PIP,,,,374.5193639,,0.927,0.828,0.911,0.818
blsc,4,1,U-PIP,,,,374.862045,,0.925,0.86,0.919,0.883
blsc,4,2,U-PIP,,,,512.4353409,,0.953,0.86,0.964,0.915
blsc,4,3,U-PIP,,,,523.4947774,,0.955,0.879,0.943,0.932
blsc,4,4,U-PIP,,,,407.6847582,,0.953,0.841,0.951,0.889
blsc,2,1,BendersOCT,,,0,7.668504,,0.686,0.669,0.637,0.630
blsc,2,2,BendersOCT,,,0,9.46613121,,0.677,0.694,0.765,0.763
blsc,2,3,BendersOCT,,,0,5.23359704,,0.694,0.643,0.627,0.604
blsc,2,4,BendersOCT,,,0,5.924724102,,0.688,0.662,0.634,0.638
blsc,3,1,BendersOCT,,,0,93.27089691,,0.720,0.675,0.714,0.684
blsc,3,2,BendersOCT,,,0,295.2264731,,0.741,0.720,0.756,0.766
blsc,3,3,BendersOCT,,,0,275.369056,,0.752,0.688,0.810,0.738
blsc,3,4,BendersOCT,,,0,196.4266961,,0.754,0.669,0.722,0.628
blsc,4,1,BendersOCT,,,0.796116494,3600.122607,,0.780,0.745,0.778,0.747
blsc,4,2,BendersOCT,,,0.460869565,3600.113489,,0.776,0.764,0.757,0.753
blsc,4,3,BendersOCT,,,0.742138365,3600.109269,,0.791,0.707,0.804,0.691
blsc,4,4,BendersOCT,,,0.252303642,3600.070079,,0.799,0.701,0.819,0.674
blsc,2,1,U-BinOCT,,,0,2.877344131,,0.729,0.682,0.697,0.663
blsc,2,2,U-BinOCT,,,0,1.784538031,,0.729,0.682,0.779,0.684
blsc,2,3,U-BinOCT,,,0,1.914562941,,0.731,0.675,0.771,0.700
blsc,2,4,U-BinOCT,,,0,2.00492692,,0.733,0.669,0.778,0.681
blsc,3,1,U-BinOCT,,,0.958913907,3600.057495,,0.788,0.701,0.793,0.699
blsc,3,2,U-BinOCT,,,0.967114482,3600.068453,,0.788,0.701,0.782,0.724
blsc,3,3,U-BinOCT,,,0.966642697,3600.075624,,0.763,0.745,0.795,0.833
blsc,3,4,U-BinOCT,,,0.954761339,3600.091017,,0.793,0.720,0.798,0.722
blsc,4,1,U-BinOCT,,,1,3600.134002,,0.842,0.771,0.842,0.779
blsc,4,2,U-BinOCT,,,1,3600.225838,,0.846,0.783,0.853,0.806
blsc,4,3,U-BinOCT,,,1,3600.224974,,0.844,0.815,0.822,0.849
blsc,4,4,U-BinOCT,,,1,3600.225462,,0.853,0.777,0.839,0.797
blsc,2,1,CART,,,,0.12271026,,0.645,0.637,0.650,0.649
blsc,2,2,CART,,,,0.121617923,,0.641,0.618,0.681,0.662
blsc,2,3,CART,,,,0.11978522,,0.671,0.624,0.784,0.745
blsc,2,4,CART,,,,0.120707892,,0.716,0.688,0.744,0.734
blsc,3,1,CART,,,,0.122243349,,0.744,0.688,0.711,0.649
blsc,3,2,CART,,,,0.122374941,,0.767,0.694,0.756,0.687
blsc,3,3,CART,,,,0.122112913,,0.748,0.662,0.678,0.641
blsc,3,4,CART,,,,0.122824603,,0.771,0.732,0.718,0.696
blsc,4,1,CART,,,,0.131214604,,0.838,0.783,0.854,0.795
blsc,4,2,CART,,,,0.126487127,,0.765,0.739,0.718,0.725
blsc,4,3,CART,,,,0.123385607,,0.838,0.796,0.798,0.822
blsc,4,4,CART,,,,0.12333925,,0.833,0.777,0.828,0.756
